title,company_name,location,category,job_type,salary,experience,salary_min,salary_max,url,description,tags,published_at
Product Manager,PrimeX Software,Hanoi,Technology,Remote,61-69 trieu VND,5+ nam,61000000,69000000,https://jobs.local/itviec/product-manager-1,Tuyen dung Product Manager tai PrimeX Software o Hanoi. Yeu cau kinh nghiem lien quan va ky nang giao tiep tot.,"product,roadmap,agile",2026-03-28T17:28:05+07:00
Frontend Developer,GlobalNext Cloud,Binh Duong,Technology,Full-time,62-66 trieu VND,5+ nam,62000000,66000000,https://jobs.local/itviec/frontend-developer-2,Tuyen dung Frontend Developer tai GlobalNext Cloud o Binh Duong. Yeu cau kinh nghiem lien quan va ky nang giao tiep tot.,"frontend,react,javascript",2026-04-07T04:28:05+07:00
Frontend Developer,GreenTech Cloud,Hanoi,Technology,Shift,35-40 trieu VND,3-5 nam,35000000,40000000,https://jobs.local/itviec/frontend-developer-3,Tuyen dung Frontend Developer tai GreenTech Cloud o Hanoi. Yeu cau kinh nghiem lien quan va ky nang giao tiep tot.,"frontend,react,javascript",2026-03-31T01:28:05+07:00
DevOps Engineer,NovaLink Digital,Da Nang,Technology,Remote,26-32 trieu VND,2-4 nam,26000000,32000000,https://jobs.local/itviec/devops-engineer-4,Tuyen dung DevOps Engineer tai NovaLink Digital o Da Nang. Yeu cau kinh nghiem lien quan va ky nang giao tiep tot.,"devops,kubernetes,cloud",2026-04-12T23:28:05+07:00
Frontend Developer,Skyline Cloud,Ho Chi Minh City,Technology,Full-time,44-57 trieu VND,3-5 nam,44000000,57000000,https://jobs.local/itviec/frontend-developer-5,Tuyen dung Frontend Developer tai Skyline Cloud o Ho Chi Minh City. Yeu cau kinh nghiem lien quan va ky nang giao tiep tot.,"frontend,react,javascript",2026-03-18T23:28:05+07:00
AI Engineer,GlobalNext Software,Hai Phong,Technology,Shift,32-38 trieu VND,3-5 nam,32000000,38000000,https://jobs.local/itviec/ai-engineer-6,Tuyen dung AI Engineer tai GlobalNext Software o Hai Phong. Yeu cau kinh nghiem lien quan va ky nang giao tiep tot.,"python,ml,ai",2026-03-26T04:28:05+07:00
AI Engineer,PrimeX Software,Ho Chi Minh City,Technology,Hybrid,39-41 trieu VND,2-4 nam,39000000,41000000,https://jobs.local/itviec/ai-engineer-7,Tuyen dung AI Engineer tai PrimeX Software o Ho Chi Minh City. Yeu cau kinh nghiem lien quan va ky nang giao tiep tot.,"python,ml,ai",2026-03-29T23:28:05+07:00
AI Engineer,BlueOcean Digital,Hanoi,Technology,Hybrid,13-20 trieu VND,0-1 nam,13000000,20000000,https://jobs.local/itviec/ai-engineer-8,Tuyen dung AI Engineer tai BlueOcean Digital o Hanoi. Yeu cau kinh nghiem lien quan va ky nang giao tiep tot.,"python,ml,ai",2026-04-20T13:28:05+07:00
Backend Engineer,GlobalNext Software,Hanoi,Technology,Hybrid,67-69 trieu VND,5+ nam,67000000,69000000,https://jobs.local/itviec/backend-engineer-9,Tuyen dung Backend Engineer tai GlobalNext Software o Hanoi. Yeu cau kinh nghiem lien quan va ky nang giao tiep tot.,"backend,api,python",2026-03-31T14:28:05+07:00
Backend Engineer,Skyline Tech,Bac Ninh,Technology,Full-time,64-69 trieu VND,5+ nam,64000000,69000000,https://jobs.local/itviec/backend-engineer-10,Tuyen dung Backend Engineer tai Skyline Tech o Bac Ninh. Yeu cau kinh nghiem lien quan va ky nang giao tiep tot.,"backend,api,python",2026-04-22T21:28:05+07:00
AI Engineer,Skyline Digital,Binh Duong,Technology,Hybrid,41-45 trieu VND,3-5 nam,41000000,45000000,https://jobs.local/itviec/ai-engineer-11,Tuyen dung AI Engineer tai Skyline Digital o Binh Duong. Yeu cau kinh nghiem lien quan va ky nang giao tiep tot.,"python,ml,ai",2026-03-18T23:28:05+07:00
Frontend Developer,GlobalNext Software,Ho Chi Minh City,Technology,Full-time,29-39 trieu VND,2-4 nam,29000000,39000000,https://jobs.local/itviec/frontend-developer-12,Tuyen dung Frontend Developer tai GlobalNext Software o Ho Chi Minh City. Yeu cau kinh nghiem lien quan va ky nang giao tiep tot.,"frontend,react,javascript",2026-04-03T16:28:05+07:00
UI UX Designer,MinhLong Tech,Dong Nai,Technology,Remote,33-38 trieu VND,3-5 nam,33000000,38000000,https://jobs.local/itviec/ui-ux-designer-13,Tuyen dung UI UX Designer tai MinhLong Tech o Dong Nai. Yeu cau kinh nghiem lien quan va ky nang giao tiep tot.,"uiux,figma,design",2026-03-27T01:28:05+07:00
DevOps Engineer,Sunrise Software,Da Nang,Technology,Full-time,45-49 trieu VND,3-5 nam,45000000,49000000,https://jobs.local/itviec/devops-engineer-14,Tuyen dung DevOps Engineer tai Sunrise Software o Da Nang. Yeu cau kinh nghiem lien quan va ky nang giao tiep tot.,"devops,kubernetes,cloud",2026-03-29T23:28:05+07:00
DevOps Engineer,VietFuture Cloud,Ho Chi Minh City,Technology,Part-time,29-31 trieu VND,2-4 nam,29000000,31000000,https://jobs.local/itviec/devops-engineer-15,Tuyen dung DevOps Engineer tai VietFuture Cloud o Ho Chi Minh City. Yeu cau kinh nghiem lien quan va ky nang giao tiep tot.,"devops,kubernetes,cloud",2026-03-27T16:28:05+07:00
Frontend Developer,AnPhat Tech,Bac Ninh,Technology,Part-time,33-39 trieu VND,3-5 nam,33000000,39000000,https://jobs.local/itviec/frontend-developer-16,Tuyen dung Frontend Developer tai AnPhat Tech o Bac Ninh. Yeu cau kinh nghiem lien quan va ky nang giao tiep tot.,"frontend,react,javascript",2026-04-09T23:28:05+07:00
Data Analyst,GlobalNext Tech,Da Nang,Data,Shift,50-64 trieu VND,5+ nam,50000000,64000000,https://jobs.local/itviec/data-analyst-17,Tuyen dung Data Analyst tai GlobalNext Tech o Da Nang. Yeu cau kinh nghiem lien quan va ky nang giao tiep tot.,"analytics,sql,bi",2026-04-09T03:28:05+07:00
UI UX Designer,NovaLink Cloud,Ho Chi Minh City,Technology,Full-time,21-29 trieu VND,1-3 nam,21000000,29000000,https://jobs.local/itviec/ui-ux-designer-18,Tuyen dung UI UX Designer tai NovaLink Cloud o Ho Chi Minh City. Yeu cau kinh nghiem lien quan va ky nang giao tiep tot.,"uiux,figma,design",2026-03-20T06:28:05+07:00
QA Engineer,GreenTech Tech,Da Nang,Technology,Remote,12-19 trieu VND,0-1 nam,12000000,19000000,https://jobs.local/itviec/qa-engineer-19,Tuyen dung QA Engineer tai GreenTech Tech o Da Nang. Yeu cau kinh nghiem lien quan va ky nang giao tiep tot.,"qa,testing,automation",2026-04-18T10:28:05+07:00
IT Sales Executive,AnPhat Tech,Can Tho,Sales,Shift,12-15 trieu VND,1-3 nam,12000000,15000000,https://jobs.local/itviec/it-sales-executive-20,Tuyen dung IT Sales Executive tai AnPhat Tech o Can Tho. Yeu cau kinh nghiem lien quan va ky nang giao tiep tot.,"it-sales,saas,b2b",2026-04-27T15:28:05+07:00
Backend Engineer,NovaLink Cloud,Hanoi,Technology,Remote,37-43 trieu VND,2-4 nam,37000000,43000000,https://jobs.local/itviec/backend-engineer-21,Tuyen dung Backend Engineer tai NovaLink Cloud o Hanoi. Yeu cau kinh nghiem lien quan va ky nang giao tiep tot.,"backend,api,python",2026-03-30T09:28:05+07:00
QA Engineer,GreenTech Digital,Dong Nai,Technology,Full-time,48-61 trieu VND,5+ nam,48000000,61000000,https://jobs.local/itviec/qa-engineer-22,Tuyen dung QA Engineer tai GreenTech Digital o Dong Nai. Yeu cau kinh nghiem lien quan va ky nang giao tiep tot.,"qa,testing,automation",2026-04-22T07:28:05+07:00
Product Manager,VietFuture Cloud,Ho Chi Minh City,Technology,Hybrid,13-18 trieu VND,0-1 nam,13000000,18000000,https://jobs.local/itviec/product-manager-23,Tuyen dung Product Manager tai VietFuture Cloud o Ho Chi Minh City. Yeu cau kinh nghiem lien quan va ky nang giao tiep tot.,"product,roadmap,agile",2026-04-05T13:28:05+07:00
QA Engineer,PrimeX Software,Ho Chi Minh City,Technology,Shift,75-82 trieu VND,5+ nam,75000000,82000000,https://jobs.local/itviec/qa-engineer-24,Tuyen dung QA Engineer tai PrimeX Software o Ho Chi Minh City. Yeu cau kinh nghiem lien quan va ky nang giao tiep tot.,"qa,testing,automation",2026-04-08T18:28:05+07:00
DevOps Engineer,Sunrise Tech,Can Tho,Technology,Part-time,13-15 trieu VND,0-1 nam,13000000,15000000,https://jobs.local/itviec/devops-engineer-25,Tuyen dung DevOps Engineer tai Sunrise Tech o Can Tho. Yeu cau kinh nghiem lien quan va ky nang giao tiep tot.,"devops,kubernetes,cloud",2026-04-17T18:28:05+07:00
Frontend Developer,AnPhat Digital,Bac Ninh,Technology,Shift,15-18 trieu VND,0-1 nam,15000000,18000000,https://jobs.local/itviec/frontend-developer-26,Tuyen dung Frontend Developer tai AnPhat Digital o Bac Ninh. Yeu cau kinh nghiem lien quan va ky nang giao tiep tot.,"frontend,react,javascript",2026-04-23T08:28:05+07:00
AI Engineer,GlobalNext Software,Binh Duong,Technology,Part-time,22-28 trieu VND,1-3 nam,22000000,28000000,https://jobs.local/itviec/ai-engineer-27,Tuyen dung AI Engineer tai GlobalNext Software o Binh Duong. Yeu cau kinh nghiem lien quan va ky nang giao tiep tot.,"python,ml,ai",2026-03-30T14:28:05+07:00
UI UX Designer,GreenTech Tech,Hai Phong,Technology,Hybrid,67-69 trieu VND,5+ nam,67000000,69000000,https://jobs.local/itviec/ui-ux-designer-28,Tuyen dung UI UX Designer tai GreenTech Tech o Hai Phong. Yeu cau kinh nghiem lien quan va ky nang giao tiep tot.,"uiux,figma,design",2026-04-03T01:28:05+07:00
Content Marketing Executive (Tech),PrimeX Digital,Binh Duong,Marketing,Part-time,9-11 trieu VND,0-1 nam,9000000,11000000,https://jobs.local/itviec/content-marketing-executive-(tech)-29,Tuyen dung Content Marketing Executive (Tech) tai PrimeX Digital o Binh Duong. Yeu cau kinh nghiem lien quan va ky nang giao tiep tot.,"content,tech,marketing",2026-04-22T19:28:05+07:00
UI UX Designer,AnPhat Tech,Bac Ninh,Technology,Part-time,32-38 trieu VND,3-5 nam,32000000,38000000,https://jobs.local/itviec/ui-ux-designer-30,Tuyen dung UI UX Designer tai AnPhat Tech o Bac Ninh. Yeu cau kinh nghiem lien quan va ky nang giao tiep tot.,"uiux,figma,design",2026-04-26T18:28:05+07:00
Frontend Developer,Sunrise Software,Binh Duong,Technology,Full-time,33-38 trieu VND,3-5 nam,33000000,38000000,https://jobs.local/itviec/frontend-developer-31,Tuyen dung Frontend Developer tai Sunrise Software o Binh Duong. Yeu cau kinh nghiem lien quan va ky nang giao tiep tot.,"frontend,react,javascript",2026-03-19T13:28:05+07:00
QA Engineer,AnPhat Digital,Bac Ninh,Technology,Remote,20-26 trieu VND,1-3 nam,20000000,26000000,https://jobs.local/itviec/qa-engineer-32,Tuyen dung QA Engineer tai AnPhat Digital o Bac Ninh. Yeu cau kinh nghiem lien quan va ky nang giao tiep tot.,"qa,testing,automation",2026-04-03T03:28:05+07:00
DevOps Engineer,Skyline Software,Dong Nai,Technology,Hybrid,26-29 trieu VND,2-4 nam,26000000,29000000,https://jobs.local/itviec/devops-engineer-33,Tuyen dung DevOps Engineer tai Skyline Software o Dong Nai. Yeu cau kinh nghiem lien quan va ky nang giao tiep tot.,"devops,kubernetes,cloud",2026-03-22T22:28:05+07:00
Product Manager,PrimeX Tech,Da Nang,Technology,Hybrid,46-50 trieu VND,3-5 nam,46000000,50000000,https://jobs.local/itviec/product-manager-34,Tuyen dung Product Manager tai PrimeX Tech o Da Nang. Yeu cau kinh nghiem lien quan va ky nang giao tiep tot.,"product,roadmap,agile",2026-03-25T14:28:05+07:00
DevOps Engineer,NovaLink Software,Can Tho,Technology,Part-time,37-40 trieu VND,3-5 nam,37000000,40000000,https://jobs.local/itviec/devops-engineer-35,Tuyen dung DevOps Engineer tai NovaLink Software o Can Tho. Yeu cau kinh nghiem lien quan va ky nang giao tiep tot.,"devops,kubernetes,cloud",2026-03-16T16:28:05+07:00
Frontend Developer,Skyline Digital,Hai Phong,Technology,Full-time,25-28 trieu VND,2-4 nam,25000000,28000000,https://jobs.local/itviec/frontend-developer-36,Tuyen dung Frontend Developer tai Skyline Digital o Hai Phong. Yeu cau kinh nghiem lien quan va ky nang giao tiep tot.,"frontend,react,javascript",2026-04-03T09:28:05+07:00
QA Engineer,MinhLong Software,Can Tho,Technology,Full-time,17-25 trieu VND,1-3 nam,17000000,25000000,https://jobs.local/itviec/qa-engineer-37,Tuyen dung QA Engineer tai MinhLong Software o Can Tho. Yeu cau kinh nghiem lien quan va ky nang giao tiep tot.,"qa,testing,automation",2026-04-22T11:28:05+07:00
AI Engineer,GreenTech Software,Hanoi,Technology,Full-time,13-18 trieu VND,0-1 nam,13000000,18000000,https://jobs.local/itviec/ai-engineer-38,Tuyen dung AI Engineer tai GreenTech Software o Hanoi. Yeu cau kinh nghiem lien quan va ky nang giao tiep tot.,"python,ml,ai",2026-04-03T14:28:05+07:00
AI Engineer,MinhLong Software,Hanoi,Technology,Full-time,13-18 trieu VND,0-1 nam,13000000,18000000,https://jobs.local/itviec/ai-engineer-39,Tuyen dung AI Engineer tai MinhLong Software o Hanoi. Yeu cau kinh nghiem lien quan va ky nang giao tiep tot.,"python,ml,ai",2026-04-23T15:28:05+07:00
Frontend Developer,PrimeX Cloud,Dong Nai,Technology,Shift,12-18 trieu VND,0-1 nam,12000000,18000000,https://jobs.local/itviec/frontend-developer-40,Tuyen dung Frontend Developer tai PrimeX Cloud o Dong Nai. Yeu cau kinh nghiem lien quan va ky nang giao tiep tot.,"frontend,react,javascript",2026-03-29T01:28:05+07:00
QA Engineer,AnPhat Digital,Da Nang,Technology,Full-time,27-31 trieu VND,2-4 nam,27000000,31000000,https://jobs.local/itviec/qa-engineer-41,Tuyen dung QA Engineer tai AnPhat Digital o Da Nang. Yeu cau kinh nghiem lien quan va ky nang giao tiep tot.,"qa,testing,automation",2026-03-31T21:28:05+07:00
UI UX Designer,MinhLong Tech,Can Tho,Technology,Shift,42-48 trieu VND,3-5 nam,42000000,48000000,https://jobs.local/itviec/ui-ux-designer-42,Tuyen dung UI UX Designer tai MinhLong Tech o Can Tho. Yeu cau kinh nghiem lien quan va ky nang giao tiep tot.,"uiux,figma,design",2026-04-23T17:28:05+07:00
AI Engineer,Skyline Tech,Bac Ninh,Technology,Remote,27-31 trieu VND,1-3 nam,27000000,31000000,https://jobs.local/itviec/ai-engineer-43,Tuyen dung AI Engineer tai Skyline Tech o Bac Ninh. Yeu cau kinh nghiem lien quan va ky nang giao tiep tot.,"python,ml,ai",2026-04-04T03:28:05+07:00
Product Manager,BlueOcean Cloud,Dong Nai,Technology,Full-time,32-38 trieu VND,2-4 nam,32000000,38000000,https://jobs.local/itviec/product-manager-44,Tuyen dung Product Manager tai BlueOcean Cloud o Dong Nai. Yeu cau kinh nghiem lien quan va ky nang giao tiep tot.,"product,roadmap,agile",2026-04-11T20:28:05+07:00
DevOps Engineer,MinhLong Digital,Hai Phong,Technology,Hybrid,13-15 trieu VND,0-1 nam,13000000,15000000,https://jobs.local/itviec/devops-engineer-45,Tuyen dung DevOps Engineer tai MinhLong Digital o Hai Phong. Yeu cau kinh nghiem lien quan va ky nang giao tiep tot.,"devops,kubernetes,cloud",2026-03-22T18:28:05+07:00
Product Manager,Skyline Cloud,Hai Phong,Technology,Hybrid,21-23 trieu VND,1-3 nam,21000000,23000000,https://jobs.local/itviec/product-manager-46,Tuyen dung Product Manager tai Skyline Cloud o Hai Phong. Yeu cau kinh nghiem lien quan va ky nang giao tiep tot.,"product,roadmap,agile",2026-04-06T20:28:05+07:00
UI UX Designer,BlueOcean Software,Binh Duong,Technology,Shift,33-35 trieu VND,2-4 nam,33000000,35000000,https://jobs.local/itviec/ui-ux-designer-47,Tuyen dung UI UX Designer tai BlueOcean Software o Binh Duong. Yeu cau kinh nghiem lien quan va ky nang giao tiep tot.,"uiux,figma,design",2026-03-23T19:28:05+07:00
Content Marketing Executive (Tech),NovaLink Tech,Can Tho,Marketing,Hybrid,13-15 trieu VND,1-3 nam,13000000,15000000,https://jobs.local/itviec/content-marketing-executive-(tech)-48,Tuyen dung Content Marketing Executive (Tech) tai NovaLink Tech o Can Tho. Yeu cau kinh nghiem lien quan va ky nang giao tiep tot.,"content,tech,marketing",2026-04-14T06:28:05+07:00
Backend Engineer,Skyline Software,Dong Nai,Technology,Hybrid,13-19 trieu VND,0-1 nam,13000000,19000000,https://jobs.local/itviec/backend-engineer-49,Tuyen dung Backend Engineer tai Skyline Software o Dong Nai. Yeu cau kinh nghiem lien quan va ky nang giao tiep tot.,"backend,api,python",2026-04-07T03:28:05+07:00
DevOps Engineer,GreenTech Tech,Ho Chi Minh City,Technology,Full-time,14-20 trieu VND,0-1 nam,14000000,20000000,https://jobs.local/itviec/devops-engineer-50,Tuyen dung DevOps Engineer tai GreenTech Tech o Ho Chi Minh City. Yeu cau kinh nghiem lien quan va ky nang giao tiep tot.,"devops,kubernetes,cloud",2026-03-26T14:28:05+07:00
UI UX Designer,AnPhat Digital,Bac Ninh,Technology,Shift,46-58 trieu VND,5+ nam,46000000,58000000,https://jobs.local/itviec/ui-ux-designer-51,Tuyen dung UI UX Designer tai AnPhat Digital o Bac Ninh. Yeu cau kinh nghiem lien quan va ky nang giao tiep tot.,"uiux,figma,design",2026-04-20T20:28:05+07:00
UI UX Designer,Skyline Software,Binh Duong,Technology,Remote,26-30 trieu VND,1-3 nam,26000000,30000000,https://jobs.local/itviec/ui-ux-designer-52,Tuyen dung UI UX Designer tai Skyline Software o Binh Duong. Yeu cau kinh nghiem lien quan va ky nang giao tiep tot.,"uiux,figma,design",2026-04-04T16:28:05+07:00
AI Engineer,GlobalNext Tech,Da Nang,Technology,Remote,16-19 trieu VND,0-1 nam,16000000,19000000,https://jobs.local/itviec/ai-engineer-53,Tuyen dung AI Engineer tai GlobalNext Tech o Da Nang. Yeu cau kinh nghiem lien quan va ky nang giao tiep tot.,"python,ml,ai",2026-04-17T06:28:05+07:00
Product Manager,NovaLink Software,Hanoi,Technology,Hybrid,39-51 trieu VND,3-5 nam,39000000,51000000,https://jobs.local/itviec/product-manager-54,Tuyen dung Product Manager tai NovaLink Software o Hanoi. Yeu cau kinh nghiem lien quan va ky nang giao tiep tot.,"product,roadmap,agile",2026-04-06T15:28:05+07:00
Data Analyst,Skyline Software,Binh Duong,Data,Remote,27-37 trieu VND,3-5 nam,27000000,37000000,https://jobs.local/itviec/data-analyst-55,Tuyen dung Data Analyst tai Skyline Software o Binh Duong. Yeu cau kinh nghiem lien quan va ky nang giao tiep tot.,"analytics,sql,bi",2026-03-15T23:28:05+07:00
AI Engineer,MinhLong Cloud,Hanoi,Technology,Shift,13-21 trieu VND,0-1 nam,13000000,21000000,https://jobs.local/itviec/ai-engineer-56,Tuyen dung AI Engineer tai MinhLong Cloud o Hanoi. Yeu cau kinh nghiem lien quan va ky nang giao tiep tot.,"python,ml,ai",2026-04-18T12:28:05+07:00
AI Engineer,MinhLong Software,Binh Duong,Technology,Full-time,56-61 trieu VND,5+ nam,56000000,61000000,https://jobs.local/itviec/ai-engineer-57,Tuyen dung AI Engineer tai MinhLong Software o Binh Duong. Yeu cau kinh nghiem lien quan va ky nang giao tiep tot.,"python,ml,ai",2026-04-18T11:28:05+07:00
Frontend Developer,NovaLink Tech,Can Tho,Technology,Shift,13-17 trieu VND,0-1 nam,13000000,17000000,https://jobs.local/itviec/frontend-developer-58,Tuyen dung Frontend Developer tai NovaLink Tech o Can Tho. Yeu cau kinh nghiem lien quan va ky nang giao tiep tot.,"frontend,react,javascript",2026-04-07T20:28:05+07:00
Frontend Developer,BlueOcean Cloud,Hanoi,Technology,Shift,77-79 trieu VND,5+ nam,77000000,79000000,https://jobs.local/itviec/frontend-developer-59,Tuyen dung Frontend Developer tai BlueOcean Cloud o Hanoi. Yeu cau kinh nghiem lien quan va ky nang giao tiep tot.,"frontend,react,javascript",2026-03-15T01:28:05+07:00
Frontend Developer,BlueOcean Software,Bac Ninh,Technology,Part-time,17-20 trieu VND,1-3 nam,17000000,20000000,https://jobs.local/itviec/frontend-developer-60,Tuyen dung Frontend Developer tai BlueOcean Software o Bac Ninh. Yeu cau kinh nghiem lien quan va ky nang giao tiep tot.,"frontend,react,javascript",2026-04-16T12:28:05+07:00
Content Marketing Executive (Tech),NovaLink Tech,Can Tho,Marketing,Part-time,15-18 trieu VND,2-4 nam,15000000,18000000,https://jobs.local/itviec/content-marketing-executive-(tech)-61,Tuyen dung Content Marketing Executive (Tech) tai NovaLink Tech o Can Tho. Yeu cau kinh nghiem lien quan va ky nang giao tiep tot.,"content,tech,marketing",2026-04-03T07:28:05+07:00
UI UX Designer,PrimeX Tech,Da Nang,Technology,Part-time,14-16 trieu VND,0-1 nam,14000000,16000000,https://jobs.local/itviec/ui-ux-designer-62,Tuyen dung UI UX Designer tai PrimeX Tech o Da Nang. Yeu cau kinh nghiem lien quan va ky nang giao tiep tot.,"uiux,figma,design",2026-04-10T04:28:05+07:00
Product Manager,GreenTech Digital,Hai Phong,Technology,Full-time,11-14 trieu VND,0-1 nam,11000000,14000000,https://jobs.local/itviec/product-manager-63,Tuyen dung Product Manager tai GreenTech Digital o Hai Phong. Yeu cau kinh nghiem lien quan va ky nang giao tiep tot.,"product,roadmap,agile",2026-04-23T10:28:05+07:00
QA Engineer,AnPhat Tech,Bac Ninh,Technology,Shift,46-50 trieu VND,3-5 nam,46000000,50000000,https://jobs.local/itviec/qa-engineer-64,Tuyen dung QA Engineer tai AnPhat Tech o Bac Ninh. Yeu cau kinh nghiem lien quan va ky nang giao tiep tot.,"qa,testing,automation",2026-03-18T08:28:05+07:00
QA Engineer,MinhLong Tech,Binh Duong,Technology,Shift,42-46 trieu VND,3-5 nam,42000000,46000000,https://jobs.local/itviec/qa-engineer-65,Tuyen dung QA Engineer tai MinhLong Tech o Binh Duong. Yeu cau kinh nghiem lien quan va ky nang giao tiep tot.,"qa,testing,automation",2026-04-12T11:28:05+07:00
AI Engineer,GreenTech Tech,Hai Phong,Technology,Remote,32-34 trieu VND,2-4 nam,32000000,34000000,https://jobs.local/itviec/ai-engineer-66,Tuyen dung AI Engineer tai GreenTech Tech o Hai Phong. Yeu cau kinh nghiem lien quan va ky nang giao tiep tot.,"python,ml,ai",2026-04-23T04:28:05+07:00
Content Marketing Executive (Tech),VietFuture Cloud,Bac Ninh,Marketing,Part-time,27-37 trieu VND,5+ nam,27000000,37000000,https://jobs.local/itviec/content-marketing-executive-(tech)-67,Tuyen dung Content Marketing Executive (Tech) tai VietFuture Cloud o Bac Ninh. Yeu cau kinh nghiem lien quan va ky nang giao tiep tot.,"content,tech,marketing",2026-03-26T12:28:05+07:00
Product Manager,PrimeX Tech,Hai Phong,Technology,Part-time,39-42 trieu VND,3-5 nam,39000000,42000000,https://jobs.local/itviec/product-manager-68,Tuyen dung Product Manager tai PrimeX Tech o Hai Phong. Yeu cau kinh nghiem lien quan va ky nang giao tiep tot.,"product,roadmap,agile",2026-03-27T07:28:05+07:00
Backend Engineer,Skyline Software,Hanoi,Technology,Shift,40-44 trieu VND,3-5 nam,40000000,44000000,https://jobs.local/itviec/backend-engineer-69,Tuyen dung Backend Engineer tai Skyline Software o Hanoi. Yeu cau kinh nghiem lien quan va ky nang giao tiep tot.,"backend,api,python",2026-04-21T00:28:05+07:00
Data Analyst,BlueOcean Tech,Bac Ninh,Data,Part-time,17-23 trieu VND,1-3 nam,17000000,23000000,https://jobs.local/itviec/data-analyst-70,Tuyen dung Data Analyst tai BlueOcean Tech o Bac Ninh. Yeu cau kinh nghiem lien quan va ky nang giao tiep tot.,"analytics,sql,bi",2026-04-23T13:28:05+07:00
Backend Engineer,VietFuture Cloud,Binh Duong,Technology,Hybrid,32-37 trieu VND,2-4 nam,32000000,37000000,https://jobs.local/itviec/backend-engineer-71,Tuyen dung Backend Engineer tai VietFuture Cloud o Binh Duong. Yeu cau kinh nghiem lien quan va ky nang giao tiep tot.,"backend,api,python",2026-04-21T12:28:05+07:00
Backend Engineer,AnPhat Digital,Hanoi,Technology,Shift,17-19 trieu VND,0-1 nam,17000000,19000000,https://jobs.local/itviec/backend-engineer-72,Tuyen dung Backend Engineer tai AnPhat Digital o Hanoi. Yeu cau kinh nghiem lien quan va ky nang giao tiep tot.,"backend,api,python",2026-04-02T17:28:05+07:00
UI UX Designer,PrimeX Software,Dong Nai,Technology,Shift,12-16 trieu VND,0-1 nam,12000000,16000000,https://jobs.local/itviec/ui-ux-designer-73,Tuyen dung UI UX Designer tai PrimeX Software o Dong Nai. Yeu cau kinh nghiem lien quan va ky nang giao tiep tot.,"uiux,figma,design",2026-03-20T06:28:05+07:00
Frontend Developer,VietFuture Cloud,Bac Ninh,Technology,Full-time,34-36 trieu VND,2-4 nam,34000000,36000000,https://jobs.local/itviec/frontend-developer-74,Tuyen dung Frontend Developer tai VietFuture Cloud o Bac Ninh. Yeu cau kinh nghiem lien quan va ky nang giao tiep tot.,"frontend,react,javascript",2026-04-11T14:28:05+07:00
Data Analyst,NovaLink Software,Can Tho,Data,Shift,24-33 trieu VND,2-4 nam,24000000,33000000,https://jobs.local/itviec/data-analyst-75,Tuyen dung Data Analyst tai NovaLink Software o Can Tho. Yeu cau kinh nghiem lien quan va ky nang giao tiep tot.,"analytics,sql,bi",2026-04-20T16:28:05+07:00
DevOps Engineer,MinhLong Software,Can Tho,Technology,Shift,31-39 trieu VND,3-5 nam,31000000,39000000,https://jobs.local/itviec/devops-engineer-76,Tuyen dung DevOps Engineer tai MinhLong Software o Can Tho. Yeu cau kinh nghiem lien quan va ky nang giao tiep tot.,"devops,kubernetes,cloud",2026-04-02T02:28:05+07:00
IT Sales Executive,NovaLink Digital,Binh Duong,Sales,Shift,10-12 trieu VND,0-1 nam,10000000,12000000,https://jobs.local/itviec/it-sales-executive-77,Tuyen dung IT Sales Executive tai NovaLink Digital o Binh Duong. Yeu cau kinh nghiem lien quan va ky nang giao tiep tot.,"it-sales,saas,b2b",2026-03-14T09:28:05+07:00
AI Engineer,VietFuture Software,Ho Chi Minh City,Technology,Full-time,23-28 trieu VND,1-3 nam,23000000,28000000,https://jobs.local/itviec/ai-engineer-78,Tuyen dung AI Engineer tai VietFuture Software o Ho Chi Minh City. Yeu cau kinh nghiem lien quan va ky nang giao tiep tot.,"python,ml,ai",2026-04-26T11:28:05+07:00
UI UX Designer,Sunrise Cloud,Hai Phong,Technology,Full-time,28-37 trieu VND,2-4 nam,28000000,37000000,https://jobs.local/itviec/ui-ux-designer-79,Tuyen dung UI UX Designer tai Sunrise Cloud o Hai Phong. Yeu cau kinh nghiem lien quan va ky nang giao tiep tot.,"uiux,figma,design",2026-03-19T22:28:05+07:00
UI UX Designer,MinhLong Digital,Binh Duong,Technology,Remote,45-48 trieu VND,3-5 nam,45000000,48000000,https://jobs.local/itviec/ui-ux-designer-80,Tuyen dung UI UX Designer tai MinhLong Digital o Binh Duong. Yeu cau kinh nghiem lien quan va ky nang giao tiep tot.,"uiux,figma,design",2026-04-06T20:28:05+07:00
Data Analyst,GreenTech Software,Can Tho,Data,Hybrid,13-15 trieu VND,0-1 nam,13000000,15000000,https://jobs.local/itviec/data-analyst-81,Tuyen dung Data Analyst tai GreenTech Software o Can Tho. Yeu cau kinh nghiem lien quan va ky nang giao tiep tot.,"analytics,sql,bi",2026-04-14T05:28:05+07:00
Data Analyst,VietFuture Cloud,Can Tho,Data,Hybrid,34-36 trieu VND,3-5 nam,34000000,36000000,https://jobs.local/itviec/data-analyst-82,Tuyen dung Data Analyst tai VietFuture Cloud o Can Tho. Yeu cau kinh nghiem lien quan va ky nang giao tiep tot.,"analytics,sql,bi",2026-04-20T05:28:05+07:00
AI Engineer,AnPhat Cloud,Hai Phong,Technology,Shift,32-36 trieu VND,2-4 nam,32000000,36000000,https://jobs.local/itviec/ai-engineer-83,Tuyen dung AI Engineer tai AnPhat Cloud o Hai Phong. Yeu cau kinh nghiem lien quan va ky nang giao tiep tot.,"python,ml,ai",2026-04-04T14:28:05+07:00
AI Engineer,GlobalNext Cloud,Hai Phong,Technology,Full-time,39-49 trieu VND,3-5 nam,39000000,49000000,https://jobs.local/itviec/ai-engineer-84,Tuyen dung AI Engineer tai GlobalNext Cloud o Hai Phong. Yeu cau kinh nghiem lien quan va ky nang giao tiep tot.,"python,ml,ai",2026-03-22T22:28:05+07:00
HR Executive (IT Company),NovaLink Cloud,Binh Duong,Human Resources,Remote,27-31 trieu VND,5+ nam,27000000,31000000,https://jobs.local/itviec/hr-executive-(it-company)-85,Tuyen dung HR Executive (IT Company) tai NovaLink Cloud o Binh Duong. Yeu cau kinh nghiem lien quan va ky nang giao tiep tot.,"hr,it-recruitment,talent",2026-04-24T15:28:05+07:00
DevOps Engineer,Skyline Software,Can Tho,Technology,Full-time,32-36 trieu VND,2-4 nam,32000000,36000000,https://jobs.local/itviec/devops-engineer-86,Tuyen dung DevOps Engineer tai Skyline Software o Can Tho. Yeu cau kinh nghiem lien quan va ky nang giao tiep tot.,"devops,kubernetes,cloud",2026-03-26T18:28:05+07:00
Backend Engineer,MinhLong Digital,Binh Duong,Technology,Shift,18-30 trieu VND,1-3 nam,18000000,30000000,https://jobs.local/itviec/backend-engineer-87,Tuyen dung Backend Engineer tai MinhLong Digital o Binh Duong. Yeu cau kinh nghiem lien quan va ky nang giao tiep tot.,"backend,api,python",2026-04-12T12:28:05+07:00
AI Engineer,BlueOcean Software,Ho Chi Minh City,Technology,Shift,72-77 trieu VND,5+ nam,72000000,77000000,https://jobs.local/itviec/ai-engineer-88,Tuyen dung AI Engineer tai BlueOcean Software o Ho Chi Minh City. Yeu cau kinh nghiem lien quan va ky nang giao tiep tot.,"python,ml,ai",2026-03-16T08:28:05+07:00
Product Manager,AnPhat Tech,Can Tho,Technology,Remote,25-27 trieu VND,1-3 nam,25000000,27000000,https://jobs.local/itviec/product-manager-89,Tuyen dung Product Manager tai AnPhat Tech o Can Tho. Yeu cau kinh nghiem lien quan va ky nang giao tiep tot.,"product,roadmap,agile",2026-03-29T21:28:05+07:00
QA Engineer,Skyline Digital,Binh Duong,Technology,Remote,13-17 trieu VND,0-1 nam,13000000,17000000,https://jobs.local/itviec/qa-engineer-90,Tuyen dung QA Engineer tai Skyline Digital o Binh Duong. Yeu cau kinh nghiem lien quan va ky nang giao tiep tot.,"qa,testing,automation",2026-04-02T15:28:05+07:00
AI Engineer,VietFuture Tech,Can Tho,Technology,Part-time,32-41 trieu VND,3-5 nam,32000000,41000000,https://jobs.local/itviec/ai-engineer-91,Tuyen dung AI Engineer tai VietFuture Tech o Can Tho. Yeu cau kinh nghiem lien quan va ky nang giao tiep tot.,"python,ml,ai",2026-03-29T19:28:05+07:00
UI UX Designer,VietFuture Software,Bac Ninh,Technology,Remote,52-67 trieu VND,5+ nam,52000000,67000000,https://jobs.local/itviec/ui-ux-designer-92,Tuyen dung UI UX Designer tai VietFuture Software o Bac Ninh. Yeu cau kinh nghiem lien quan va ky nang giao tiep tot.,"uiux,figma,design",2026-04-20T19:28:05+07:00
Frontend Developer,GreenTech Tech,Dong Nai,Technology,Hybrid,22-30 trieu VND,1-3 nam,22000000,30000000,https://jobs.local/itviec/frontend-developer-93,Tuyen dung Frontend Developer tai GreenTech Tech o Dong Nai. Yeu cau kinh nghiem lien quan va ky nang giao tiep tot.,"frontend,react,javascript",2026-03-28T15:28:05+07:00
DevOps Engineer,Skyline Software,Ho Chi Minh City,Technology,Shift,16-20 trieu VND,0-1 nam,16000000,20000000,https://jobs.local/itviec/devops-engineer-94,Tuyen dung DevOps Engineer tai Skyline Software o Ho Chi Minh City. Yeu cau kinh nghiem lien quan va ky nang giao tiep tot.,"devops,kubernetes,cloud",2026-03-23T20:28:05+07:00
Data Analyst,PrimeX Cloud,Da Nang,Data,Shift,53-65 trieu VND,5+ nam,53000000,65000000,https://jobs.local/itviec/data-analyst-95,Tuyen dung Data Analyst tai PrimeX Cloud o Da Nang. Yeu cau kinh nghiem lien quan va ky nang giao tiep tot.,"analytics,sql,bi",2026-04-01T10:28:05+07:00
AI Engineer,BlueOcean Tech,Ho Chi Minh City,Technology,Hybrid,56-81 trieu VND,5+ nam,56000000,81000000,https://jobs.local/itviec/ai-engineer-96,Tuyen dung AI Engineer tai BlueOcean Tech o Ho Chi Minh City. Yeu cau kinh nghiem lien quan va ky nang giao tiep tot.,"python,ml,ai",2026-04-08T09:28:05+07:00
Backend Engineer,AnPhat Software,Ho Chi Minh City,Technology,Part-time,23-30 trieu VND,1-3 nam,23000000,30000000,https://jobs.local/itviec/backend-engineer-97,Tuyen dung Backend Engineer tai AnPhat Software o Ho Chi Minh City. Yeu cau kinh nghiem lien quan va ky nang giao tiep tot.,"backend,api,python",2026-04-22T13:28:05+07:00
QA Engineer,AnPhat Cloud,Da Nang,Technology,Part-time,12-16 trieu VND,0-1 nam,12000000,16000000,https://jobs.local/itviec/qa-engineer-98,Tuyen dung QA Engineer tai AnPhat Cloud o Da Nang. Yeu cau kinh nghiem lien quan va ky nang giao tiep tot.,"qa,testing,automation",2026-03-26T06:28:05+07:00
Data Analyst,BlueOcean Software,Bac Ninh,Data,Full-time,20-25 trieu VND,1-3 nam,20000000,25000000,https://jobs.local/itviec/data-analyst-99,Tuyen dung Data Analyst tai BlueOcean Software o Bac Ninh. Yeu cau kinh nghiem lien quan va ky nang giao tiep tot.,"analytics,sql,bi",2026-04-18T13:28:05+07:00
Product Manager,GlobalNext Software,Hai Phong,Technology,Full-time,20-22 trieu VND,1-3 nam,20000000,22000000,https://jobs.local/itviec/product-manager-100,Tuyen dung Product Manager tai GlobalNext Software o Hai Phong. Yeu cau kinh nghiem lien quan va ky nang giao tiep tot.,"product,roadmap,agile",2026-04-21T14:28:05+07:00
AI Engineer,GlobalNext Tech,Can Tho,Technology,Full-time,60-62 trieu VND,5+ nam,60000000,62000000,https://jobs.local/itviec/ai-engineer-101,Tuyen dung AI Engineer tai GlobalNext Tech o Can Tho. Yeu cau kinh nghiem lien quan va ky nang giao tiep tot.,"python,ml,ai",2026-03-17T22:28:05+07:00
QA Engineer,NovaLink Digital,Hanoi,Technology,Hybrid,49-54 trieu VND,3-5 nam,49000000,54000000,https://jobs.local/itviec/qa-engineer-102,Tuyen dung QA Engineer tai NovaLink Digital o Hanoi. Yeu cau kinh nghiem lien quan va ky nang giao tiep tot.,"qa,testing,automation",2026-03-29T03:28:05+07:00
Data Analyst,Sunrise Digital,Ho Chi Minh City,Data,Hybrid,30-33 trieu VND,2-4 nam,30000000,33000000,https://jobs.local/itviec/data-analyst-103,Tuyen dung Data Analyst tai Sunrise Digital o Ho Chi Minh City. Yeu cau kinh nghiem lien quan va ky nang giao tiep tot.,"analytics,sql,bi",2026-03-20T06:28:05+07:00
Frontend Developer,AnPhat Tech,Hanoi,Technology,Hybrid,72-75 trieu VND,5+ nam,72000000,75000000,https://jobs.local/itviec/frontend-developer-104,Tuyen dung Frontend Developer tai AnPhat Tech o Hanoi. Yeu cau kinh nghiem lien quan va ky nang giao tiep tot.,"frontend,react,javascript",2026-04-22T10:28:05+07:00
DevOps Engineer,PrimeX Digital,Can Tho,Technology,Part-time,47-60 trieu VND,5+ nam,47000000,60000000,https://jobs.local/itviec/devops-engineer-105,Tuyen dung DevOps Engineer tai PrimeX Digital o Can Tho. Yeu cau kinh nghiem lien quan va ky nang giao tiep tot.,"devops,kubernetes,cloud",2026-04-19T00:28:05+07:00
UI UX Designer,VietFuture Tech,Hai Phong,Technology,Full-time,40-45 trieu VND,3-5 nam,40000000,45000000,https://jobs.local/itviec/ui-ux-designer-106,Tuyen dung UI UX Designer tai VietFuture Tech o Hai Phong. Yeu cau kinh nghiem lien quan va ky nang giao tiep tot.,"uiux,figma,design",2026-03-17T23:28:05+07:00
UI UX Designer,NovaLink Digital,Da Nang,Technology,Shift,16-18 trieu VND,0-1 nam,16000000,18000000,https://jobs.local/itviec/ui-ux-designer-107,Tuyen dung UI UX Designer tai NovaLink Digital o Da Nang. Yeu cau kinh nghiem lien quan va ky nang giao tiep tot.,"uiux,figma,design",2026-03-18T18:28:05+07:00
Frontend Developer,GreenTech Tech,Can Tho,Technology,Remote,30-35 trieu VND,3-5 nam,30000000,35000000,https://jobs.local/itviec/frontend-developer-108,Tuyen dung Frontend Developer tai GreenTech Tech o Can Tho. Yeu cau kinh nghiem lien quan va ky nang giao tiep tot.,"frontend,react,javascript",2026-04-10T14:28:05+07:00
QA Engineer,GreenTech Software,Hanoi,Technology,Shift,13-15 trieu VND,0-1 nam,13000000,15000000,https://jobs.local/itviec/qa-engineer-109,Tuyen dung QA Engineer tai GreenTech Software o Hanoi. Yeu cau kinh nghiem lien quan va ky nang giao tiep tot.,"qa,testing,automation",2026-04-07T14:28:05+07:00
Backend Engineer,GreenTech Tech,Hanoi,Technology,Shift,39-42 trieu VND,2-4 nam,39000000,42000000,https://jobs.local/itviec/backend-engineer-110,Tuyen dung Backend Engineer tai GreenTech Tech o Hanoi. Yeu cau kinh nghiem lien quan va ky nang giao tiep tot.,"backend,api,python",2026-04-03T13:28:05+07:00
Backend Engineer,NovaLink Software,Bac Ninh,Technology,Full-time,44-47 trieu VND,3-5 nam,44000000,47000000,https://jobs.local/itviec/backend-engineer-111,Tuyen dung Backend Engineer tai NovaLink Software o Bac Ninh. Yeu cau kinh nghiem lien quan va ky nang giao tiep tot.,"backend,api,python",2026-03-15T02:28:05+07:00
Frontend Developer,MinhLong Software,Hanoi,Technology,Remote,50-56 trieu VND,3-5 nam,50000000,56000000,https://jobs.local/itviec/frontend-developer-112,Tuyen dung Frontend Developer tai MinhLong Software o Hanoi. Yeu cau kinh nghiem lien quan va ky nang giao tiep tot.,"frontend,react,javascript",2026-03-20T13:28:05+07:00
Backend Engineer,PrimeX Cloud,Da Nang,Technology,Remote,47-49 trieu VND,3-5 nam,47000000,49000000,https://jobs.local/itviec/backend-engineer-113,Tuyen dung Backend Engineer tai PrimeX Cloud o Da Nang. Yeu cau kinh nghiem lien quan va ky nang giao tiep tot.,"backend,api,python",2026-04-26T23:28:05+07:00
DevOps Engineer,GlobalNext Software,Ho Chi Minh City,Technology,Part-time,74-81 trieu VND,5+ nam,74000000,81000000,https://jobs.local/itviec/devops-engineer-114,Tuyen dung DevOps Engineer tai GlobalNext Software o Ho Chi Minh City. Yeu cau kinh nghiem lien quan va ky nang giao tiep tot.,"devops,kubernetes,cloud",2026-03-17T15:28:05+07:00
IT Sales Executive,MinhLong Digital,Hanoi,Sales,Shift,32-35 trieu VND,3-5 nam,32000000,35000000,https://jobs.local/itviec/it-sales-executive-115,Tuyen dung IT Sales Executive tai MinhLong Digital o Hanoi. Yeu cau kinh nghiem lien quan va ky nang giao tiep tot.,"it-sales,saas,b2b",2026-03-17T04:28:05+07:00
Backend Engineer,Sunrise Cloud,Ho Chi Minh City,Technology,Full-time,18-20 trieu VND,0-1 nam,18000000,20000000,https://jobs.local/itviec/backend-engineer-116,Tuyen dung Backend Engineer tai Sunrise Cloud o Ho Chi Minh City. Yeu cau kinh nghiem lien quan va ky nang giao tiep tot.,"backend,api,python",2026-03-28T20:28:05+07:00
UI UX Designer,VietFuture Software,Binh Duong,Technology,Shift,23-27 trieu VND,1-3 nam,23000000,27000000,https://jobs.local/itviec/ui-ux-designer-117,Tuyen dung UI UX Designer tai VietFuture Software o Binh Duong. Yeu cau kinh nghiem lien quan va ky nang giao tiep tot.,"uiux,figma,design",2026-03-24T05:28:05+07:00
Backend Engineer,GlobalNext Cloud,Hai Phong,Technology,Shift,14-19 trieu VND,0-1 nam,14000000,19000000,https://jobs.local/itviec/backend-engineer-118,Tuyen dung Backend Engineer tai GlobalNext Cloud o Hai Phong. Yeu cau kinh nghiem lien quan va ky nang giao tiep tot.,"backend,api,python",2026-04-23T10:28:05+07:00
DevOps Engineer,PrimeX Cloud,Hanoi,Technology,Part-time,35-40 trieu VND,3-5 nam,35000000,40000000,https://jobs.local/itviec/devops-engineer-119,Tuyen dung DevOps Engineer tai PrimeX Cloud o Hanoi. Yeu cau kinh nghiem lien quan va ky nang giao tiep tot.,"devops,kubernetes,cloud",2026-04-26T08:28:05+07:00
AI Engineer,AnPhat Software,Hanoi,Technology,Shift,68-80 trieu VND,5+ nam,68000000,80000000,https://jobs.local/itviec/ai-engineer-120,Tuyen dung AI Engineer tai AnPhat Software o Hanoi. Yeu cau kinh nghiem lien quan va ky nang giao tiep tot.,"python,ml,ai",2026-03-18T04:28:05+07:00
Data Analyst,BlueOcean Cloud,Binh Duong,Data,Remote,12-17 trieu VND,0-1 nam,12000000,17000000,https://jobs.local/itviec/data-analyst-121,Tuyen dung Data Analyst tai BlueOcean Cloud o Binh Duong. Yeu cau kinh nghiem lien quan va ky nang giao tiep tot.,"analytics,sql,bi",2026-03-14T04:28:05+07:00
DevOps Engineer,VietFuture Digital,Hanoi,Technology,Remote,18-20 trieu VND,0-1 nam,18000000,20000000,https://jobs.local/itviec/devops-engineer-122,Tuyen dung DevOps Engineer tai VietFuture Digital o Hanoi. Yeu cau kinh nghiem lien quan va ky nang giao tiep tot.,"devops,kubernetes,cloud",2026-04-06T05:28:05+07:00
IT Sales Executive,MinhLong Software,Binh Duong,Sales,Shift,8-11 trieu VND,0-1 nam,8000000,11000000,https://jobs.local/itviec/it-sales-executive-123,Tuyen dung IT Sales Executive tai MinhLong Software o Binh Duong. Yeu cau kinh nghiem lien quan va ky nang giao tiep tot.,"it-sales,saas,b2b",2026-03-14T02:28:05+07:00
Product Manager,NovaLink Cloud,Can Tho,Technology,Hybrid,47-55 trieu VND,5+ nam,47000000,55000000,https://jobs.local/itviec/product-manager-124,Tuyen dung Product Manager tai NovaLink Cloud o Can Tho. Yeu cau kinh nghiem lien quan va ky nang giao tiep tot.,"product,roadmap,agile",2026-04-15T11:28:05+07:00
Data Analyst,MinhLong Cloud,Hanoi,Data,Part-time,31-36 trieu VND,3-5 nam,31000000,36000000,https://jobs.local/itviec/data-analyst-125,Tuyen dung Data Analyst tai MinhLong Cloud o Hanoi. Yeu cau kinh nghiem lien quan va ky nang giao tiep tot.,"analytics,sql,bi",2026-03-17T07:28:05+07:00
AI Engineer,VietFuture Cloud,Dong Nai,Technology,Part-time,15-19 trieu VND,0-1 nam,15000000,19000000,https://jobs.local/itviec/ai-engineer-126,Tuyen dung AI Engineer tai VietFuture Cloud o Dong Nai. Yeu cau kinh nghiem lien quan va ky nang giao tiep tot.,"python,ml,ai",2026-03-22T10:28:05+07:00
QA Engineer,GlobalNext Digital,Da Nang,Technology,Shift,19-27 trieu VND,1-3 nam,19000000,27000000,https://jobs.local/itviec/qa-engineer-127,Tuyen dung QA Engineer tai GlobalNext Digital o Da Nang. Yeu cau kinh nghiem lien quan va ky nang giao tiep tot.,"qa,testing,automation",2026-03-27T13:28:05+07:00
UI UX Designer,MinhLong Software,Can Tho,Technology,Part-time,39-45 trieu VND,3-5 nam,39000000,45000000,https://jobs.local/itviec/ui-ux-designer-128,Tuyen dung UI UX Designer tai MinhLong Software o Can Tho. Yeu cau kinh nghiem lien quan va ky nang giao tiep tot.,"uiux,figma,design",2026-04-20T12:28:05+07:00
HR Executive (IT Company),Sunrise Software,Can Tho,Human Resources,Part-time,26-33 trieu VND,5+ nam,26000000,33000000,https://jobs.local/itviec/hr-executive-(it-company)-129,Tuyen dung HR Executive (IT Company) tai Sunrise Software o Can Tho. Yeu cau kinh nghiem lien quan va ky nang giao tiep tot.,"hr,it-recruitment,talent",2026-04-16T19:28:05+07:00
Frontend Developer,Sunrise Digital,Binh Duong,Technology,Remote,20-30 trieu VND,1-3 nam,20000000,30000000,https://jobs.local/itviec/frontend-developer-130,Tuyen dung Frontend Developer tai Sunrise Digital o Binh Duong. Yeu cau kinh nghiem lien quan va ky nang giao tiep tot.,"frontend,react,javascript",2026-03-14T22:28:05+07:00
Product Manager,VietFuture Tech,Bac Ninh,Technology,Hybrid,52-67 trieu VND,5+ nam,52000000,67000000,https://jobs.local/itviec/product-manager-131,Tuyen dung Product Manager tai VietFuture Tech o Bac Ninh. Yeu cau kinh nghiem lien quan va ky nang giao tiep tot.,"product,roadmap,agile",2026-04-27T13:28:05+07:00
QA Engineer,AnPhat Digital,Ho Chi Minh City,Technology,Remote,24-28 trieu VND,1-3 nam,24000000,28000000,https://jobs.local/itviec/qa-engineer-132,Tuyen dung QA Engineer tai AnPhat Digital o Ho Chi Minh City. Yeu cau kinh nghiem lien quan va ky nang giao tiep tot.,"qa,testing,automation",2026-04-20T00:28:05+07:00
Data Analyst,GlobalNext Software,Ho Chi Minh City,Data,Shift,31-34 trieu VND,2-4 nam,31000000,34000000,https://jobs.local/itviec/data-analyst-133,Tuyen dung Data Analyst tai GlobalNext Software o Ho Chi Minh City. Yeu cau kinh nghiem lien quan va ky nang giao tiep tot.,"analytics,sql,bi",2026-03-18T08:28:05+07:00
UI UX Designer,PrimeX Digital,Can Tho,Technology,Full-time,14-17 trieu VND,0-1 nam,14000000,17000000,https://jobs.local/itviec/ui-ux-designer-134,Tuyen dung UI UX Designer tai PrimeX Digital o Can Tho. Yeu cau kinh nghiem lien quan va ky nang giao tiep tot.,"uiux,figma,design",2026-03-25T00:28:05+07:00
AI Engineer,Skyline Digital,Hai Phong,Technology,Part-time,67-70 trieu VND,5+ nam,67000000,70000000,https://jobs.local/itviec/ai-engineer-135,Tuyen dung AI Engineer tai Skyline Digital o Hai Phong. Yeu cau kinh nghiem lien quan va ky nang giao tiep tot.,"python,ml,ai",2026-03-22T08:28:05+07:00
DevOps Engineer,NovaLink Software,Hai Phong,Technology,Part-time,30-33 trieu VND,2-4 nam,30000000,33000000,https://jobs.local/itviec/devops-engineer-136,Tuyen dung DevOps Engineer tai NovaLink Software o Hai Phong. Yeu cau kinh nghiem lien quan va ky nang giao tiep tot.,"devops,kubernetes,cloud",2026-04-17T02:28:05+07:00
UI UX Designer,Sunrise Digital,Bac Ninh,Technology,Part-time,15-18 trieu VND,0-1 nam,15000000,18000000,https://jobs.local/itviec/ui-ux-designer-137,Tuyen dung UI UX Designer tai Sunrise Digital o Bac Ninh. Yeu cau kinh nghiem lien quan va ky nang giao tiep tot.,"uiux,figma,design",2026-04-20T20:28:05+07:00
AI Engineer,VietFuture Software,Ho Chi Minh City,Technology,Full-time,33-37 trieu VND,2-4 nam,33000000,37000000,https://jobs.local/itviec/ai-engineer-138,Tuyen dung AI Engineer tai VietFuture Software o Ho Chi Minh City. Yeu cau kinh nghiem lien quan va ky nang giao tiep tot.,"python,ml,ai",2026-04-08T06:28:05+07:00
QA Engineer,NovaLink Digital,Dong Nai,Technology,Hybrid,60-67 trieu VND,5+ nam,60000000,67000000,https://jobs.local/itviec/qa-engineer-139,Tuyen dung QA Engineer tai NovaLink Digital o Dong Nai. Yeu cau kinh nghiem lien quan va ky nang giao tiep tot.,"qa,testing,automation",2026-03-26T18:28:05+07:00
IT Sales Executive,Sunrise Cloud,Hanoi,Sales,Hybrid,35-43 trieu VND,5+ nam,35000000,43000000,https://jobs.local/itviec/it-sales-executive-140,Tuyen dung IT Sales Executive tai Sunrise Cloud o Hanoi. Yeu cau kinh nghiem lien quan va ky nang giao tiep tot.,"it-sales,saas,b2b",2026-04-23T14:28:05+07:00
Data Analyst,Skyline Cloud,Binh Duong,Data,Full-time,27-31 trieu VND,2-4 nam,27000000,31000000,https://jobs.local/itviec/data-analyst-141,Tuyen dung Data Analyst tai Skyline Cloud o Binh Duong. Yeu cau kinh nghiem lien quan va ky nang giao tiep tot.,"analytics,sql,bi",2026-03-24T05:28:05+07:00
UI UX Designer,GlobalNext Software,Binh Duong,Technology,Remote,38-50 trieu VND,3-5 nam,38000000,50000000,https://jobs.local/itviec/ui-ux-designer-142,Tuyen dung UI UX Designer tai GlobalNext Software o Binh Duong. Yeu cau kinh nghiem lien quan va ky nang giao tiep tot.,"uiux,figma,design",2026-04-26T04:28:05+07:00
AI Engineer,AnPhat Tech,Hanoi,Technology,Part-time,43-53 trieu VND,3-5 nam,43000000,53000000,https://jobs.local/itviec/ai-engineer-143,Tuyen dung AI Engineer tai AnPhat Tech o Hanoi. Yeu cau kinh nghiem lien quan va ky nang giao tiep tot.,"python,ml,ai",2026-03-26T14:28:05+07:00
HR Executive (IT Company),Skyline Digital,Dong Nai,Human Resources,Full-time,16-22 trieu VND,3-5 nam,16000000,22000000,https://jobs.local/itviec/hr-executive-(it-company)-144,Tuyen dung HR Executive (IT Company) tai Skyline Digital o Dong Nai. Yeu cau kinh nghiem lien quan va ky nang giao tiep tot.,"hr,it-recruitment,talent",2026-03-27T23:28:05+07:00
Frontend Developer,Skyline Cloud,Ho Chi Minh City,Technology,Part-time,14-21 trieu VND,0-1 nam,14000000,21000000,https://jobs.local/itviec/frontend-developer-145,Tuyen dung Frontend Developer tai Skyline Cloud o Ho Chi Minh City. Yeu cau kinh nghiem lien quan va ky nang giao tiep tot.,"frontend,react,javascript",2026-04-22T19:28:05+07:00
QA Engineer,BlueOcean Tech,Hanoi,Technology,Full-time,19-28 trieu VND,1-3 nam,19000000,28000000,https://jobs.local/itviec/qa-engineer-146,Tuyen dung QA Engineer tai BlueOcean Tech o Hanoi. Yeu cau kinh nghiem lien quan va ky nang giao tiep tot.,"qa,testing,automation",2026-04-23T23:28:05+07:00
QA Engineer,Skyline Digital,Can Tho,Technology,Shift,43-63 trieu VND,5+ nam,43000000,63000000,https://jobs.local/itviec/qa-engineer-147,Tuyen dung QA Engineer tai Skyline Digital o Can Tho. Yeu cau kinh nghiem lien quan va ky nang giao tiep tot.,"qa,testing,automation",2026-04-02T13:28:05+07:00
Backend Engineer,NovaLink Tech,Bac Ninh,Technology,Part-time,23-31 trieu VND,2-4 nam,23000000,31000000,https://jobs.local/itviec/backend-engineer-148,Tuyen dung Backend Engineer tai NovaLink Tech o Bac Ninh. Yeu cau kinh nghiem lien quan va ky nang giao tiep tot.,"backend,api,python",2026-03-18T02:28:05+07:00
DevOps Engineer,NovaLink Digital,Ho Chi Minh City,Technology,Part-time,15-21 trieu VND,0-1 nam,15000000,21000000,https://jobs.local/itviec/devops-engineer-149,Tuyen dung DevOps Engineer tai NovaLink Digital o Ho Chi Minh City. Yeu cau kinh nghiem lien quan va ky nang giao tiep tot.,"devops,kubernetes,cloud",2026-03-16T16:28:05+07:00
Data Analyst,VietFuture Cloud,Can Tho,Data,Hybrid,32-40 trieu VND,3-5 nam,32000000,40000000,https://jobs.local/itviec/data-analyst-150,Tuyen dung Data Analyst tai VietFuture Cloud o Can Tho. Yeu cau kinh nghiem lien quan va ky nang giao tiep tot.,"analytics,sql,bi",2026-04-18T08:28:05+07:00
AI Engineer,AnPhat Digital,Bac Ninh,Technology,Part-time,52-58 trieu VND,5+ nam,52000000,58000000,https://jobs.local/itviec/ai-engineer-151,Tuyen dung AI Engineer tai AnPhat Digital o Bac Ninh. Yeu cau kinh nghiem lien quan va ky nang giao tiep tot.,"python,ml,ai",2026-04-28T08:28:05+07:00
Backend Engineer,Sunrise Tech,Hanoi,Technology,Remote,13-21 trieu VND,0-1 nam,13000000,21000000,https://jobs.local/itviec/backend-engineer-152,Tuyen dung Backend Engineer tai Sunrise Tech o Hanoi. Yeu cau kinh nghiem lien quan va ky nang giao tiep tot.,"backend,api,python",2026-04-09T19:28:05+07:00
Data Analyst,GreenTech Software,Bac Ninh,Data,Hybrid,42-49 trieu VND,5+ nam,42000000,49000000,https://jobs.local/itviec/data-analyst-153,Tuyen dung Data Analyst tai GreenTech Software o Bac Ninh. Yeu cau kinh nghiem lien quan va ky nang giao tiep tot.,"analytics,sql,bi",2026-03-20T17:28:05+07:00
UI UX Designer,Sunrise Cloud,Da Nang,Technology,Full-time,46-75 trieu VND,5+ nam,46000000,75000000,https://jobs.local/itviec/ui-ux-designer-154,Tuyen dung UI UX Designer tai Sunrise Cloud o Da Nang. Yeu cau kinh nghiem lien quan va ky nang giao tiep tot.,"uiux,figma,design",2026-03-18T08:28:05+07:00
Frontend Developer,GlobalNext Cloud,Hanoi,Technology,Hybrid,27-32 trieu VND,2-4 nam,27000000,32000000,https://jobs.local/itviec/frontend-developer-155,Tuyen dung Frontend Developer tai GlobalNext Cloud o Hanoi. Yeu cau kinh nghiem lien quan va ky nang giao tiep tot.,"frontend,react,javascript",2026-04-07T14:28:05+07:00
UI UX Designer,Skyline Digital,Hanoi,Technology,Remote,35-37 trieu VND,2-4 nam,35000000,37000000,https://jobs.local/itviec/ui-ux-designer-156,Tuyen dung UI UX Designer tai Skyline Digital o Hanoi. Yeu cau kinh nghiem lien quan va ky nang giao tiep tot.,"uiux,figma,design",2026-03-28T11:28:05+07:00
QA Engineer,BlueOcean Cloud,Da Nang,Technology,Remote,63-70 trieu VND,5+ nam,63000000,70000000,https://jobs.local/itviec/qa-engineer-157,Tuyen dung QA Engineer tai BlueOcean Cloud o Da Nang. Yeu cau kinh nghiem lien quan va ky nang giao tiep tot.,"qa,testing,automation",2026-04-19T01:28:05+07:00
UI UX Designer,GreenTech Digital,Hai Phong,Technology,Shift,38-45 trieu VND,3-5 nam,38000000,45000000,https://jobs.local/itviec/ui-ux-designer-158,Tuyen dung UI UX Designer tai GreenTech Digital o Hai Phong. Yeu cau kinh nghiem lien quan va ky nang giao tiep tot.,"uiux,figma,design",2026-03-29T11:28:05+07:00
Product Manager,GlobalNext Tech,Can Tho,Technology,Part-time,32-36 trieu VND,3-5 nam,32000000,36000000,https://jobs.local/itviec/product-manager-159,Tuyen dung Product Manager tai GlobalNext Tech o Can Tho. Yeu cau kinh nghiem lien quan va ky nang giao tiep tot.,"product,roadmap,agile",2026-04-11T21:28:05+07:00
DevOps Engineer,Sunrise Tech,Can Tho,Technology,Shift,11-13 trieu VND,0-1 nam,11000000,13000000,https://jobs.local/itviec/devops-engineer-160,Tuyen dung DevOps Engineer tai Sunrise Tech o Can Tho. Yeu cau kinh nghiem lien quan va ky nang giao tiep tot.,"devops,kubernetes,cloud",2026-03-22T07:28:05+07:00
Data Analyst,Sunrise Cloud,Ho Chi Minh City,Data,Remote,52-71 trieu VND,5+ nam,52000000,71000000,https://jobs.local/itviec/data-analyst-161,Tuyen dung Data Analyst tai Sunrise Cloud o Ho Chi Minh City. Yeu cau kinh nghiem lien quan va ky nang giao tiep tot.,"analytics,sql,bi",2026-03-18T21:28:05+07:00
Backend Engineer,GreenTech Cloud,Hai Phong,Technology,Full-time,66-70 trieu VND,5+ nam,66000000,70000000,https://jobs.local/itviec/backend-engineer-162,Tuyen dung Backend Engineer tai GreenTech Cloud o Hai Phong. Yeu cau kinh nghiem lien quan va ky nang giao tiep tot.,"backend,api,python",2026-03-27T09:28:05+07:00
Backend Engineer,Skyline Software,Binh Duong,Technology,Shift,44-67 trieu VND,5+ nam,44000000,67000000,https://jobs.local/itviec/backend-engineer-163,Tuyen dung Backend Engineer tai Skyline Software o Binh Duong. Yeu cau kinh nghiem lien quan va ky nang giao tiep tot.,"backend,api,python",2026-03-27T21:28:05+07:00
Frontend Developer,GreenTech Cloud,Da Nang,Technology,Hybrid,63-75 trieu VND,5+ nam,63000000,75000000,https://jobs.local/itviec/frontend-developer-164,Tuyen dung Frontend Developer tai GreenTech Cloud o Da Nang. Yeu cau kinh nghiem lien quan va ky nang giao tiep tot.,"frontend,react,javascript",2026-04-07T00:28:05+07:00
UI UX Designer,Skyline Tech,Hai Phong,Technology,Part-time,13-17 trieu VND,0-1 nam,13000000,17000000,https://jobs.local/itviec/ui-ux-designer-165,Tuyen dung UI UX Designer tai Skyline Tech o Hai Phong. Yeu cau kinh nghiem lien quan va ky nang giao tiep tot.,"uiux,figma,design",2026-03-17T19:28:05+07:00
UI UX Designer,VietFuture Digital,Bac Ninh,Technology,Part-time,45-47 trieu VND,3-5 nam,45000000,47000000,https://jobs.local/itviec/ui-ux-designer-166,Tuyen dung UI UX Designer tai VietFuture Digital o Bac Ninh. Yeu cau kinh nghiem lien quan va ky nang giao tiep tot.,"uiux,figma,design",2026-04-22T03:28:05+07:00
Backend Engineer,GreenTech Cloud,Can Tho,Technology,Remote,58-69 trieu VND,5+ nam,58000000,69000000,https://jobs.local/itviec/backend-engineer-167,Tuyen dung Backend Engineer tai GreenTech Cloud o Can Tho. Yeu cau kinh nghiem lien quan va ky nang giao tiep tot.,"backend,api,python",2026-03-18T13:28:05+07:00
DevOps Engineer,PrimeX Digital,Can Tho,Technology,Shift,36-46 trieu VND,3-5 nam,36000000,46000000,https://jobs.local/itviec/devops-engineer-168,Tuyen dung DevOps Engineer tai PrimeX Digital o Can Tho. Yeu cau kinh nghiem lien quan va ky nang giao tiep tot.,"devops,kubernetes,cloud",2026-04-06T10:28:05+07:00
AI Engineer,NovaLink Digital,Da Nang,Technology,Hybrid,37-42 trieu VND,3-5 nam,37000000,42000000,https://jobs.local/itviec/ai-engineer-169,Tuyen dung AI Engineer tai NovaLink Digital o Da Nang. Yeu cau kinh nghiem lien quan va ky nang giao tiep tot.,"python,ml,ai",2026-04-15T21:28:05+07:00
Frontend Developer,NovaLink Software,Binh Duong,Technology,Full-time,66-74 trieu VND,5+ nam,66000000,74000000,https://jobs.local/itviec/frontend-developer-170,Tuyen dung Frontend Developer tai NovaLink Software o Binh Duong. Yeu cau kinh nghiem lien quan va ky nang giao tiep tot.,"frontend,react,javascript",2026-04-02T15:28:05+07:00
Product Manager,GreenTech Cloud,Dong Nai,Technology,Full-time,36-47 trieu VND,3-5 nam,36000000,47000000,https://jobs.local/itviec/product-manager-171,Tuyen dung Product Manager tai GreenTech Cloud o Dong Nai. Yeu cau kinh nghiem lien quan va ky nang giao tiep tot.,"product,roadmap,agile",2026-04-27T18:28:05+07:00
AI Engineer,VietFuture Software,Da Nang,Technology,Remote,28-32 trieu VND,1-3 nam,28000000,32000000,https://jobs.local/itviec/ai-engineer-172,Tuyen dung AI Engineer tai VietFuture Software o Da Nang. Yeu cau kinh nghiem lien quan va ky nang giao tiep tot.,"python,ml,ai",2026-04-25T20:28:05+07:00
QA Engineer,AnPhat Tech,Bac Ninh,Technology,Part-time,61-63 trieu VND,5+ nam,61000000,63000000,https://jobs.local/itviec/qa-engineer-173,Tuyen dung QA Engineer tai AnPhat Tech o Bac Ninh. Yeu cau kinh nghiem lien quan va ky nang giao tiep tot.,"qa,testing,automation",2026-04-15T11:28:05+07:00
Product Manager,GlobalNext Software,Dong Nai,Technology,Part-time,20-28 trieu VND,1-3 nam,20000000,28000000,https://jobs.local/itviec/product-manager-174,Tuyen dung Product Manager tai GlobalNext Software o Dong Nai. Yeu cau kinh nghiem lien quan va ky nang giao tiep tot.,"product,roadmap,agile",2026-03-22T20:28:05+07:00
HR Executive (IT Company),GlobalNext Tech,Can Tho,Human Resources,Shift,11-16 trieu VND,1-3 nam,11000000,16000000,https://jobs.local/itviec/hr-executive-(it-company)-175,Tuyen dung HR Executive (IT Company) tai GlobalNext Tech o Can Tho. Yeu cau kinh nghiem lien quan va ky nang giao tiep tot.,"hr,it-recruitment,talent",2026-04-14T13:28:05+07:00
AI Engineer,Sunrise Cloud,Hanoi,Technology,Full-time,14-20 trieu VND,0-1 nam,14000000,20000000,https://jobs.local/itviec/ai-engineer-176,Tuyen dung AI Engineer tai Sunrise Cloud o Hanoi. Yeu cau kinh nghiem lien quan va ky nang giao tiep tot.,"python,ml,ai",2026-04-19T06:28:05+07:00
QA Engineer,Sunrise Tech,Dong Nai,Technology,Hybrid,62-64 trieu VND,5+ nam,62000000,64000000,https://jobs.local/itviec/qa-engineer-177,Tuyen dung QA Engineer tai Sunrise Tech o Dong Nai. Yeu cau kinh nghiem lien quan va ky nang giao tiep tot.,"qa,testing,automation",2026-04-23T10:28:05+07:00
Content Marketing Executive (Tech),BlueOcean Tech,Ho Chi Minh City,Marketing,Shift,28-33 trieu VND,3-5 nam,28000000,33000000,https://jobs.local/itviec/content-marketing-executive-(tech)-178,Tuyen dung Content Marketing Executive (Tech) tai BlueOcean Tech o Ho Chi Minh City. Yeu cau kinh nghiem lien quan va ky nang giao tiep tot.,"content,tech,marketing",2026-03-15T09:28:05+07:00
Product Manager,GlobalNext Tech,Dong Nai,Technology,Remote,41-47 trieu VND,3-5 nam,41000000,47000000,https://jobs.local/itviec/product-manager-179,Tuyen dung Product Manager tai GlobalNext Tech o Dong Nai. Yeu cau kinh nghiem lien quan va ky nang giao tiep tot.,"product,roadmap,agile",2026-04-01T21:28:05+07:00
Product Manager,Sunrise Cloud,Hai Phong,Technology,Full-time,13-19 trieu VND,0-1 nam,13000000,19000000,https://jobs.local/itviec/product-manager-180,Tuyen dung Product Manager tai Sunrise Cloud o Hai Phong. Yeu cau kinh nghiem lien quan va ky nang giao tiep tot.,"product,roadmap,agile",2026-04-12T19:28:05+07:00
AI Engineer,Skyline Digital,Hanoi,Technology,Full-time,49-63 trieu VND,5+ nam,49000000,63000000,https://jobs.local/itviec/ai-engineer-181,Tuyen dung AI Engineer tai Skyline Digital o Hanoi. Yeu cau kinh nghiem lien quan va ky nang giao tiep tot.,"python,ml,ai",2026-04-02T14:28:05+07:00
Backend Engineer,Sunrise Cloud,Bac Ninh,Technology,Part-time,51-61 trieu VND,5+ nam,51000000,61000000,https://jobs.local/itviec/backend-engineer-182,Tuyen dung Backend Engineer tai Sunrise Cloud o Bac Ninh. Yeu cau kinh nghiem lien quan va ky nang giao tiep tot.,"backend,api,python",2026-03-23T14:28:05+07:00
Backend Engineer,Sunrise Cloud,Bac Ninh,Technology,Part-time,23-29 trieu VND,1-3 nam,23000000,29000000,https://jobs.local/itviec/backend-engineer-183,Tuyen dung Backend Engineer tai Sunrise Cloud o Bac Ninh. Yeu cau kinh nghiem lien quan va ky nang giao tiep tot.,"backend,api,python",2026-04-17T14:28:05+07:00
Product Manager,PrimeX Software,Can Tho,Technology,Hybrid,31-35 trieu VND,2-4 nam,31000000,35000000,https://jobs.local/itviec/product-manager-184,Tuyen dung Product Manager tai PrimeX Software o Can Tho. Yeu cau kinh nghiem lien quan va ky nang giao tiep tot.,"product,roadmap,agile",2026-03-17T22:28:05+07:00
DevOps Engineer,PrimeX Digital,Da Nang,Technology,Full-time,13-19 trieu VND,0-1 nam,13000000,19000000,https://jobs.local/itviec/devops-engineer-185,Tuyen dung DevOps Engineer tai PrimeX Digital o Da Nang. Yeu cau kinh nghiem lien quan va ky nang giao tiep tot.,"devops,kubernetes,cloud",2026-03-24T06:28:05+07:00
Frontend Developer,MinhLong Cloud,Bac Ninh,Technology,Remote,12-15 trieu VND,0-1 nam,12000000,15000000,https://jobs.local/itviec/frontend-developer-186,Tuyen dung Frontend Developer tai MinhLong Cloud o Bac Ninh. Yeu cau kinh nghiem lien quan va ky nang giao tiep tot.,"frontend,react,javascript",2026-04-23T23:28:05+07:00
Product Manager,PrimeX Cloud,Binh Duong,Technology,Part-time,16-18 trieu VND,0-1 nam,16000000,18000000,https://jobs.local/itviec/product-manager-187,Tuyen dung Product Manager tai PrimeX Cloud o Binh Duong. Yeu cau kinh nghiem lien quan va ky nang giao tiep tot.,"product,roadmap,agile",2026-03-20T05:28:05+07:00
Frontend Developer,MinhLong Tech,Ho Chi Minh City,Technology,Part-time,30-35 trieu VND,1-3 nam,30000000,35000000,https://jobs.local/itviec/frontend-developer-188,Tuyen dung Frontend Developer tai MinhLong Tech o Ho Chi Minh City. Yeu cau kinh nghiem lien quan va ky nang giao tiep tot.,"frontend,react,javascript",2026-04-16T04:28:05+07:00
Frontend Developer,Sunrise Software,Hai Phong,Technology,Full-time,15-19 trieu VND,0-1 nam,15000000,19000000,https://jobs.local/itviec/frontend-developer-189,Tuyen dung Frontend Developer tai Sunrise Software o Hai Phong. Yeu cau kinh nghiem lien quan va ky nang giao tiep tot.,"frontend,react,javascript",2026-03-20T20:28:05+07:00
UI UX Designer,AnPhat Cloud,Hai Phong,Technology,Shift,12-14 trieu VND,0-1 nam,12000000,14000000,https://jobs.local/itviec/ui-ux-designer-190,Tuyen dung UI UX Designer tai AnPhat Cloud o Hai Phong. Yeu cau kinh nghiem lien quan va ky nang giao tiep tot.,"uiux,figma,design",2026-04-06T04:28:05+07:00
Backend Engineer,NovaLink Tech,Hai Phong,Technology,Part-time,43-68 trieu VND,5+ nam,43000000,68000000,https://jobs.local/itviec/backend-engineer-191,Tuyen dung Backend Engineer tai NovaLink Tech o Hai Phong. Yeu cau kinh nghiem lien quan va ky nang giao tiep tot.,"backend,api,python",2026-03-24T16:28:05+07:00
Product Manager,Skyline Cloud,Binh Duong,Technology,Full-time,27-38 trieu VND,2-4 nam,27000000,38000000,https://jobs.local/itviec/product-manager-192,Tuyen dung Product Manager tai Skyline Cloud o Binh Duong. Yeu cau kinh nghiem lien quan va ky nang giao tiep tot.,"product,roadmap,agile",2026-04-03T07:28:05+07:00
AI Engineer,Sunrise Tech,Da Nang,Technology,Remote,48-50 trieu VND,3-5 nam,48000000,50000000,https://jobs.local/itviec/ai-engineer-193,Tuyen dung AI Engineer tai Sunrise Tech o Da Nang. Yeu cau kinh nghiem lien quan va ky nang giao tiep tot.,"python,ml,ai",2026-03-27T16:28:05+07:00
UI UX Designer,MinhLong Cloud,Can Tho,Technology,Hybrid,59-65 trieu VND,5+ nam,59000000,65000000,https://jobs.local/itviec/ui-ux-designer-194,Tuyen dung UI UX Designer tai MinhLong Cloud o Can Tho. Yeu cau kinh nghiem lien quan va ky nang giao tiep tot.,"uiux,figma,design",2026-03-23T10:28:05+07:00
Data Analyst,VietFuture Cloud,Dong Nai,Data,Full-time,36-44 trieu VND,3-5 nam,36000000,44000000,https://jobs.local/itviec/data-analyst-195,Tuyen dung Data Analyst tai VietFuture Cloud o Dong Nai. Yeu cau kinh nghiem lien quan va ky nang giao tiep tot.,"analytics,sql,bi",2026-04-21T17:28:05+07:00
AI Engineer,BlueOcean Tech,Hai Phong,Technology,Hybrid,22-27 trieu VND,1-3 nam,22000000,27000000,https://jobs.local/itviec/ai-engineer-196,Tuyen dung AI Engineer tai BlueOcean Tech o Hai Phong. Yeu cau kinh nghiem lien quan va ky nang giao tiep tot.,"python,ml,ai",2026-03-15T17:28:05+07:00
Frontend Developer,Sunrise Software,Hanoi,Technology,Remote,45-48 trieu VND,3-5 nam,45000000,48000000,https://jobs.local/itviec/frontend-developer-197,Tuyen dung Frontend Developer tai Sunrise Software o Hanoi. Yeu cau kinh nghiem lien quan va ky nang giao tiep tot.,"frontend,react,javascript",2026-03-29T15:28:05+07:00
Data Analyst,Skyline Software,Can Tho,Data,Hybrid,18-23 trieu VND,1-3 nam,18000000,23000000,https://jobs.local/itviec/data-analyst-198,Tuyen dung Data Analyst tai Skyline Software o Can Tho. Yeu cau kinh nghiem lien quan va ky nang giao tiep tot.,"analytics,sql,bi",2026-04-13T17:28:05+07:00
Product Manager,GreenTech Tech,Hai Phong,Technology,Shift,26-29 trieu VND,1-3 nam,26000000,29000000,https://jobs.local/itviec/product-manager-199,Tuyen dung Product Manager tai GreenTech Tech o Hai Phong. Yeu cau kinh nghiem lien quan va ky nang giao tiep tot.,"product,roadmap,agile",2026-04-21T23:28:05+07:00
AI Engineer,BlueOcean Cloud,Ho Chi Minh City,Technology,Shift,46-57 trieu VND,3-5 nam,46000000,57000000,https://jobs.local/itviec/ai-engineer-200,Tuyen dung AI Engineer tai BlueOcean Cloud o Ho Chi Minh City. Yeu cau kinh nghiem lien quan va ky nang giao tiep tot.,"python,ml,ai",2026-03-23T17:28:05+07:00
QA Engineer,GreenTech Tech,Can Tho,Technology,Shift,36-47 trieu VND,3-5 nam,36000000,47000000,https://jobs.local/itviec/qa-engineer-201,Tuyen dung QA Engineer tai GreenTech Tech o Can Tho. Yeu cau kinh nghiem lien quan va ky nang giao tiep tot.,"qa,testing,automation",2026-03-26T12:28:05+07:00
Content Marketing Executive (Tech),GreenTech Cloud,Ho Chi Minh City,Marketing,Part-time,33-41 trieu VND,5+ nam,33000000,41000000,https://jobs.local/itviec/content-marketing-executive-(tech)-202,Tuyen dung Content Marketing Executive (Tech) tai GreenTech Cloud o Ho Chi Minh City. Yeu cau kinh nghiem lien quan va ky nang giao tiep tot.,"content,tech,marketing",2026-04-21T03:28:05+07:00
Data Analyst,Skyline Cloud,Binh Duong,Data,Remote,11-18 trieu VND,0-1 nam,11000000,18000000,https://jobs.local/itviec/data-analyst-203,Tuyen dung Data Analyst tai Skyline Cloud o Binh Duong. Yeu cau kinh nghiem lien quan va ky nang giao tiep tot.,"analytics,sql,bi",2026-03-22T22:28:05+07:00
UI UX Designer,Skyline Digital,Can Tho,Technology,Remote,25-28 trieu VND,1-3 nam,25000000,28000000,https://jobs.local/itviec/ui-ux-designer-204,Tuyen dung UI UX Designer tai Skyline Digital o Can Tho. Yeu cau kinh nghiem lien quan va ky nang giao tiep tot.,"uiux,figma,design",2026-03-29T06:28:05+07:00
UI UX Designer,PrimeX Digital,Da Nang,Technology,Remote,45-48 trieu VND,3-5 nam,45000000,48000000,https://jobs.local/itviec/ui-ux-designer-205,Tuyen dung UI UX Designer tai PrimeX Digital o Da Nang. Yeu cau kinh nghiem lien quan va ky nang giao tiep tot.,"uiux,figma,design",2026-04-05T13:28:05+07:00
DevOps Engineer,Skyline Tech,Da Nang,Technology,Part-time,49-69 trieu VND,5+ nam,49000000,69000000,https://jobs.local/itviec/devops-engineer-206,Tuyen dung DevOps Engineer tai Skyline Tech o Da Nang. Yeu cau kinh nghiem lien quan va ky nang giao tiep tot.,"devops,kubernetes,cloud",2026-04-11T18:28:05+07:00
QA Engineer,MinhLong Tech,Bac Ninh,Technology,Shift,19-23 trieu VND,1-3 nam,19000000,23000000,https://jobs.local/itviec/qa-engineer-207,Tuyen dung QA Engineer tai MinhLong Tech o Bac Ninh. Yeu cau kinh nghiem lien quan va ky nang giao tiep tot.,"qa,testing,automation",2026-04-17T12:28:05+07:00
AI Engineer,Sunrise Tech,Binh Duong,Technology,Hybrid,40-46 trieu VND,3-5 nam,40000000,46000000,https://jobs.local/itviec/ai-engineer-208,Tuyen dung AI Engineer tai Sunrise Tech o Binh Duong. Yeu cau kinh nghiem lien quan va ky nang giao tiep tot.,"python,ml,ai",2026-04-03T22:28:05+07:00
QA Engineer,NovaLink Cloud,Hai Phong,Technology,Remote,30-38 trieu VND,2-4 nam,30000000,38000000,https://jobs.local/itviec/qa-engineer-209,Tuyen dung QA Engineer tai NovaLink Cloud o Hai Phong. Yeu cau kinh nghiem lien quan va ky nang giao tiep tot.,"qa,testing,automation",2026-04-07T17:28:05+07:00
UI UX Designer,NovaLink Digital,Can Tho,Technology,Hybrid,22-30 trieu VND,2-4 nam,22000000,30000000,https://jobs.local/itviec/ui-ux-designer-210,Tuyen dung UI UX Designer tai NovaLink Digital o Can Tho. Yeu cau kinh nghiem lien quan va ky nang giao tiep tot.,"uiux,figma,design",2026-03-16T06:28:05+07:00
Content Marketing Executive (Tech),Sunrise Cloud,Da Nang,Marketing,Shift,16-20 trieu VND,2-4 nam,16000000,20000000,https://jobs.local/itviec/content-marketing-executive-(tech)-211,Tuyen dung Content Marketing Executive (Tech) tai Sunrise Cloud o Da Nang. Yeu cau kinh nghiem lien quan va ky nang giao tiep tot.,"content,tech,marketing",2026-03-31T23:28:05+07:00
Frontend Developer,PrimeX Cloud,Dong Nai,Technology,Hybrid,19-26 trieu VND,1-3 nam,19000000,26000000,https://jobs.local/itviec/frontend-developer-212,Tuyen dung Frontend Developer tai PrimeX Cloud o Dong Nai. Yeu cau kinh nghiem lien quan va ky nang giao tiep tot.,"frontend,react,javascript",2026-04-24T23:28:05+07:00
Data Analyst,AnPhat Digital,Hai Phong,Data,Shift,26-33 trieu VND,2-4 nam,26000000,33000000,https://jobs.local/itviec/data-analyst-213,Tuyen dung Data Analyst tai AnPhat Digital o Hai Phong. Yeu cau kinh nghiem lien quan va ky nang giao tiep tot.,"analytics,sql,bi",2026-03-21T05:28:05+07:00
Backend Engineer,Sunrise Cloud,Dong Nai,Technology,Hybrid,34-38 trieu VND,2-4 nam,34000000,38000000,https://jobs.local/itviec/backend-engineer-214,Tuyen dung Backend Engineer tai Sunrise Cloud o Dong Nai. Yeu cau kinh nghiem lien quan va ky nang giao tiep tot.,"backend,api,python",2026-04-02T20:28:05+07:00
Backend Engineer,NovaLink Software,Da Nang,Technology,Full-time,28-31 trieu VND,1-3 nam,28000000,31000000,https://jobs.local/itviec/backend-engineer-215,Tuyen dung Backend Engineer tai NovaLink Software o Da Nang. Yeu cau kinh nghiem lien quan va ky nang giao tiep tot.,"backend,api,python",2026-04-18T13:28:05+07:00
Product Manager,VietFuture Cloud,Hanoi,Technology,Full-time,52-54 trieu VND,3-5 nam,52000000,54000000,https://jobs.local/itviec/product-manager-216,Tuyen dung Product Manager tai VietFuture Cloud o Hanoi. Yeu cau kinh nghiem lien quan va ky nang giao tiep tot.,"product,roadmap,agile",2026-03-26T23:28:05+07:00
AI Engineer,Skyline Software,Da Nang,Technology,Hybrid,15-19 trieu VND,0-1 nam,15000000,19000000,https://jobs.local/itviec/ai-engineer-217,Tuyen dung AI Engineer tai Skyline Software o Da Nang. Yeu cau kinh nghiem lien quan va ky nang giao tiep tot.,"python,ml,ai",2026-04-10T11:28:05+07:00
AI Engineer,BlueOcean Digital,Da Nang,Technology,Part-time,12-19 trieu VND,0-1 nam,12000000,19000000,https://jobs.local/itviec/ai-engineer-218,Tuyen dung AI Engineer tai BlueOcean Digital o Da Nang. Yeu cau kinh nghiem lien quan va ky nang giao tiep tot.,"python,ml,ai",2026-03-29T11:28:05+07:00
Backend Engineer,GlobalNext Cloud,Dong Nai,Technology,Part-time,25-28 trieu VND,1-3 nam,25000000,28000000,https://jobs.local/itviec/backend-engineer-219,Tuyen dung Backend Engineer tai GlobalNext Cloud o Dong Nai. Yeu cau kinh nghiem lien quan va ky nang giao tiep tot.,"backend,api,python",2026-03-19T02:28:05+07:00
QA Engineer,Skyline Tech,Can Tho,Technology,Remote,29-35 trieu VND,2-4 nam,29000000,35000000,https://jobs.local/itviec/qa-engineer-220,Tuyen dung QA Engineer tai Skyline Tech o Can Tho. Yeu cau kinh nghiem lien quan va ky nang giao tiep tot.,"qa,testing,automation",2026-03-31T16:28:05+07:00
Frontend Developer,VietFuture Software,Can Tho,Technology,Shift,21-23 trieu VND,1-3 nam,21000000,23000000,https://jobs.local/itviec/frontend-developer-221,Tuyen dung Frontend Developer tai VietFuture Software o Can Tho. Yeu cau kinh nghiem lien quan va ky nang giao tiep tot.,"frontend,react,javascript",2026-04-06T16:28:05+07:00
Content Marketing Executive (Tech),VietFuture Cloud,Ho Chi Minh City,Marketing,Hybrid,27-31 trieu VND,3-5 nam,27000000,31000000,https://jobs.local/itviec/content-marketing-executive-(tech)-222,Tuyen dung Content Marketing Executive (Tech) tai VietFuture Cloud o Ho Chi Minh City. Yeu cau kinh nghiem lien quan va ky nang giao tiep tot.,"content,tech,marketing",2026-04-10T06:28:05+07:00
AI Engineer,PrimeX Cloud,Binh Duong,Technology,Shift,24-30 trieu VND,1-3 nam,24000000,30000000,https://jobs.local/itviec/ai-engineer-223,Tuyen dung AI Engineer tai PrimeX Cloud o Binh Duong. Yeu cau kinh nghiem lien quan va ky nang giao tiep tot.,"python,ml,ai",2026-04-13T20:28:05+07:00
AI Engineer,Skyline Digital,Hai Phong,Technology,Part-time,24-32 trieu VND,2-4 nam,24000000,32000000,https://jobs.local/itviec/ai-engineer-224,Tuyen dung AI Engineer tai Skyline Digital o Hai Phong. Yeu cau kinh nghiem lien quan va ky nang giao tiep tot.,"python,ml,ai",2026-04-10T05:28:05+07:00
Backend Engineer,GreenTech Digital,Bac Ninh,Technology,Shift,18-22 trieu VND,1-3 nam,18000000,22000000,https://jobs.local/itviec/backend-engineer-225,Tuyen dung Backend Engineer tai GreenTech Digital o Bac Ninh. Yeu cau kinh nghiem lien quan va ky nang giao tiep tot.,"backend,api,python",2026-04-21T05:28:05+07:00
DevOps Engineer,BlueOcean Tech,Can Tho,Technology,Part-time,56-61 trieu VND,5+ nam,56000000,61000000,https://jobs.local/itviec/devops-engineer-226,Tuyen dung DevOps Engineer tai BlueOcean Tech o Can Tho. Yeu cau kinh nghiem lien quan va ky nang giao tiep tot.,"devops,kubernetes,cloud",2026-04-20T00:28:05+07:00
Backend Engineer,GreenTech Cloud,Da Nang,Technology,Full-time,14-18 trieu VND,0-1 nam,14000000,18000000,https://jobs.local/itviec/backend-engineer-227,Tuyen dung Backend Engineer tai GreenTech Cloud o Da Nang. Yeu cau kinh nghiem lien quan va ky nang giao tiep tot.,"backend,api,python",2026-04-28T18:28:05+07:00
Backend Engineer,PrimeX Digital,Ho Chi Minh City,Technology,Shift,41-48 trieu VND,3-5 nam,41000000,48000000,https://jobs.local/itviec/backend-engineer-228,Tuyen dung Backend Engineer tai PrimeX Digital o Ho Chi Minh City. Yeu cau kinh nghiem lien quan va ky nang giao tiep tot.,"backend,api,python",2026-03-28T14:28:05+07:00
Frontend Developer,AnPhat Cloud,Binh Duong,Technology,Shift,13-15 trieu VND,0-1 nam,13000000,15000000,https://jobs.local/itviec/frontend-developer-229,Tuyen dung Frontend Developer tai AnPhat Cloud o Binh Duong. Yeu cau kinh nghiem lien quan va ky nang giao tiep tot.,"frontend,react,javascript",2026-04-24T08:28:05+07:00
QA Engineer,NovaLink Software,Hai Phong,Technology,Hybrid,29-31 trieu VND,2-4 nam,29000000,31000000,https://jobs.local/itviec/qa-engineer-230,Tuyen dung QA Engineer tai NovaLink Software o Hai Phong. Yeu cau kinh nghiem lien quan va ky nang giao tiep tot.,"qa,testing,automation",2026-04-04T11:28:05+07:00
Frontend Developer,Skyline Cloud,Hai Phong,Technology,Remote,33-43 trieu VND,3-5 nam,33000000,43000000,https://jobs.local/itviec/frontend-developer-231,Tuyen dung Frontend Developer tai Skyline Cloud o Hai Phong. Yeu cau kinh nghiem lien quan va ky nang giao tiep tot.,"frontend,react,javascript",2026-04-04T04:28:05+07:00
DevOps Engineer,NovaLink Digital,Da Nang,Technology,Remote,16-20 trieu VND,0-1 nam,16000000,20000000,https://jobs.local/itviec/devops-engineer-232,Tuyen dung DevOps Engineer tai NovaLink Digital o Da Nang. Yeu cau kinh nghiem lien quan va ky nang giao tiep tot.,"devops,kubernetes,cloud",2026-03-29T05:28:05+07:00
DevOps Engineer,Skyline Cloud,Binh Duong,Technology,Hybrid,13-15 trieu VND,0-1 nam,13000000,15000000,https://jobs.local/itviec/devops-engineer-233,Tuyen dung DevOps Engineer tai Skyline Cloud o Binh Duong. Yeu cau kinh nghiem lien quan va ky nang giao tiep tot.,"devops,kubernetes,cloud",2026-04-09T01:28:05+07:00
Backend Engineer,VietFuture Cloud,Hanoi,Technology,Hybrid,42-44 trieu VND,3-5 nam,42000000,44000000,https://jobs.local/itviec/backend-engineer-234,Tuyen dung Backend Engineer tai VietFuture Cloud o Hanoi. Yeu cau kinh nghiem lien quan va ky nang giao tiep tot.,"backend,api,python",2026-03-15T06:28:05+07:00
UI UX Designer,NovaLink Digital,Hanoi,Technology,Full-time,21-30 trieu VND,1-3 nam,21000000,30000000,https://jobs.local/itviec/ui-ux-designer-235,Tuyen dung UI UX Designer tai NovaLink Digital o Hanoi. Yeu cau kinh nghiem lien quan va ky nang giao tiep tot.,"uiux,figma,design",2026-03-20T00:28:05+07:00
Product Manager,GreenTech Cloud,Da Nang,Technology,Part-time,70-72 trieu VND,5+ nam,70000000,72000000,https://jobs.local/itviec/product-manager-236,Tuyen dung Product Manager tai GreenTech Cloud o Da Nang. Yeu cau kinh nghiem lien quan va ky nang giao tiep tot.,"product,roadmap,agile",2026-04-14T15:28:05+07:00
Product Manager,PrimeX Digital,Dong Nai,Technology,Full-time,17-30 trieu VND,1-3 nam,17000000,30000000,https://jobs.local/itviec/product-manager-237,Tuyen dung Product Manager tai PrimeX Digital o Dong Nai. Yeu cau kinh nghiem lien quan va ky nang giao tiep tot.,"product,roadmap,agile",2026-04-20T17:28:05+07:00
UI UX Designer,MinhLong Software,Dong Nai,Technology,Part-time,52-71 trieu VND,5+ nam,52000000,71000000,https://jobs.local/itviec/ui-ux-designer-238,Tuyen dung UI UX Designer tai MinhLong Software o Dong Nai. Yeu cau kinh nghiem lien quan va ky nang giao tiep tot.,"uiux,figma,design",2026-03-23T20:28:05+07:00
Product Manager,Sunrise Software,Binh Duong,Technology,Hybrid,39-50 trieu VND,3-5 nam,39000000,50000000,https://jobs.local/itviec/product-manager-239,Tuyen dung Product Manager tai Sunrise Software o Binh Duong. Yeu cau kinh nghiem lien quan va ky nang giao tiep tot.,"product,roadmap,agile",2026-04-24T09:28:05+07:00
DevOps Engineer,MinhLong Tech,Can Tho,Technology,Shift,30-34 trieu VND,2-4 nam,30000000,34000000,https://jobs.local/itviec/devops-engineer-240,Tuyen dung DevOps Engineer tai MinhLong Tech o Can Tho. Yeu cau kinh nghiem lien quan va ky nang giao tiep tot.,"devops,kubernetes,cloud",2026-03-19T09:28:05+07:00
QA Engineer,GlobalNext Software,Ho Chi Minh City,Technology,Full-time,77-81 trieu VND,5+ nam,77000000,81000000,https://jobs.local/itviec/qa-engineer-241,Tuyen dung QA Engineer tai GlobalNext Software o Ho Chi Minh City. Yeu cau kinh nghiem lien quan va ky nang giao tiep tot.,"qa,testing,automation",2026-04-08T02:28:05+07:00
Content Marketing Executive (Tech),MinhLong Software,Bac Ninh,Marketing,Remote,13-17 trieu VND,1-3 nam,13000000,17000000,https://jobs.local/itviec/content-marketing-executive-(tech)-242,Tuyen dung Content Marketing Executive (Tech) tai MinhLong Software o Bac Ninh. Yeu cau kinh nghiem lien quan va ky nang giao tiep tot.,"content,tech,marketing",2026-03-20T16:28:05+07:00
Frontend Developer,NovaLink Tech,Binh Duong,Technology,Full-time,12-18 trieu VND,0-1 nam,12000000,18000000,https://jobs.local/itviec/frontend-developer-243,Tuyen dung Frontend Developer tai NovaLink Tech o Binh Duong. Yeu cau kinh nghiem lien quan va ky nang giao tiep tot.,"frontend,react,javascript",2026-04-20T20:28:05+07:00
DevOps Engineer,VietFuture Cloud,Hanoi,Technology,Part-time,41-44 trieu VND,3-5 nam,41000000,44000000,https://jobs.local/itviec/devops-engineer-244,Tuyen dung DevOps Engineer tai VietFuture Cloud o Hanoi. Yeu cau kinh nghiem lien quan va ky nang giao tiep tot.,"devops,kubernetes,cloud",2026-03-17T10:28:05+07:00
AI Engineer,NovaLink Tech,Ho Chi Minh City,Technology,Shift,29-40 trieu VND,2-4 nam,29000000,40000000,https://jobs.local/itviec/ai-engineer-245,Tuyen dung AI Engineer tai NovaLink Tech o Ho Chi Minh City. Yeu cau kinh nghiem lien quan va ky nang giao tiep tot.,"python,ml,ai",2026-04-15T05:28:05+07:00
Data Analyst,BlueOcean Tech,Dong Nai,Data,Part-time,12-17 trieu VND,0-1 nam,12000000,17000000,https://jobs.local/itviec/data-analyst-246,Tuyen dung Data Analyst tai BlueOcean Tech o Dong Nai. Yeu cau kinh nghiem lien quan va ky nang giao tiep tot.,"analytics,sql,bi",2026-03-20T17:28:05+07:00
Frontend Developer,Sunrise Tech,Hanoi,Technology,Hybrid,27-32 trieu VND,2-4 nam,27000000,32000000,https://jobs.local/itviec/frontend-developer-247,Tuyen dung Frontend Developer tai Sunrise Tech o Hanoi. Yeu cau kinh nghiem lien quan va ky nang giao tiep tot.,"frontend,react,javascript",2026-04-22T02:28:05+07:00
Content Marketing Executive (Tech),Skyline Software,Bac Ninh,Marketing,Part-time,11-17 trieu VND,1-3 nam,11000000,17000000,https://jobs.local/itviec/content-marketing-executive-(tech)-248,Tuyen dung Content Marketing Executive (Tech) tai Skyline Software o Bac Ninh. Yeu cau kinh nghiem lien quan va ky nang giao tiep tot.,"content,tech,marketing",2026-03-24T02:28:05+07:00
Frontend Developer,PrimeX Tech,Hanoi,Technology,Part-time,60-76 trieu VND,5+ nam,60000000,76000000,https://jobs.local/itviec/frontend-developer-249,Tuyen dung Frontend Developer tai PrimeX Tech o Hanoi. Yeu cau kinh nghiem lien quan va ky nang giao tiep tot.,"frontend,react,javascript",2026-04-18T20:28:05+07:00
Backend Engineer,BlueOcean Digital,Binh Duong,Technology,Remote,26-31 trieu VND,1-3 nam,26000000,31000000,https://jobs.local/itviec/backend-engineer-250,Tuyen dung Backend Engineer tai BlueOcean Digital o Binh Duong. Yeu cau kinh nghiem lien quan va ky nang giao tiep tot.,"backend,api,python",2026-03-24T15:28:05+07:00
Frontend Developer,GlobalNext Software,Bac Ninh,Technology,Remote,32-35 trieu VND,2-4 nam,32000000,35000000,https://jobs.local/itviec/frontend-developer-251,Tuyen dung Frontend Developer tai GlobalNext Software o Bac Ninh. Yeu cau kinh nghiem lien quan va ky nang giao tiep tot.,"frontend,react,javascript",2026-04-04T08:28:05+07:00
UI UX Designer,VietFuture Digital,Dong Nai,Technology,Part-time,42-44 trieu VND,3-5 nam,42000000,44000000,https://jobs.local/itviec/ui-ux-designer-252,Tuyen dung UI UX Designer tai VietFuture Digital o Dong Nai. Yeu cau kinh nghiem lien quan va ky nang giao tiep tot.,"uiux,figma,design",2026-03-22T01:28:05+07:00
AI Engineer,Skyline Digital,Can Tho,Technology,Remote,13-16 trieu VND,0-1 nam,13000000,16000000,https://jobs.local/itviec/ai-engineer-253,Tuyen dung AI Engineer tai Skyline Digital o Can Tho. Yeu cau kinh nghiem lien quan va ky nang giao tiep tot.,"python,ml,ai",2026-04-27T03:28:05+07:00
HR Executive (IT Company),BlueOcean Software,Da Nang,Human Resources,Remote,8-13 trieu VND,0-1 nam,8000000,13000000,https://jobs.local/itviec/hr-executive-(it-company)-254,Tuyen dung HR Executive (IT Company) tai BlueOcean Software o Da Nang. Yeu cau kinh nghiem lien quan va ky nang giao tiep tot.,"hr,it-recruitment,talent",2026-04-20T17:28:05+07:00
UI UX Designer,GlobalNext Cloud,Hai Phong,Technology,Full-time,27-30 trieu VND,2-4 nam,27000000,30000000,https://jobs.local/itviec/ui-ux-designer-255,Tuyen dung UI UX Designer tai GlobalNext Cloud o Hai Phong. Yeu cau kinh nghiem lien quan va ky nang giao tiep tot.,"uiux,figma,design",2026-03-23T19:28:05+07:00
DevOps Engineer,NovaLink Digital,Dong Nai,Technology,Part-time,24-30 trieu VND,1-3 nam,24000000,30000000,https://jobs.local/itviec/devops-engineer-256,Tuyen dung DevOps Engineer tai NovaLink Digital o Dong Nai. Yeu cau kinh nghiem lien quan va ky nang giao tiep tot.,"devops,kubernetes,cloud",2026-04-26T02:28:05+07:00
AI Engineer,PrimeX Cloud,Hanoi,Technology,Part-time,15-19 trieu VND,0-1 nam,15000000,19000000,https://jobs.local/itviec/ai-engineer-257,Tuyen dung AI Engineer tai PrimeX Cloud o Hanoi. Yeu cau kinh nghiem lien quan va ky nang giao tiep tot.,"python,ml,ai",2026-04-21T18:28:05+07:00
AI Engineer,BlueOcean Software,Bac Ninh,Technology,Hybrid,14-16 trieu VND,0-1 nam,14000000,16000000,https://jobs.local/itviec/ai-engineer-258,Tuyen dung AI Engineer tai BlueOcean Software o Bac Ninh. Yeu cau kinh nghiem lien quan va ky nang giao tiep tot.,"python,ml,ai",2026-04-08T09:28:05+07:00
Backend Engineer,GlobalNext Tech,Ho Chi Minh City,Technology,Remote,49-57 trieu VND,3-5 nam,49000000,57000000,https://jobs.local/itviec/backend-engineer-259,Tuyen dung Backend Engineer tai GlobalNext Tech o Ho Chi Minh City. Yeu cau kinh nghiem lien quan va ky nang giao tiep tot.,"backend,api,python",2026-04-14T12:28:05+07:00
Backend Engineer,MinhLong Tech,Da Nang,Technology,Remote,23-26 trieu VND,1-3 nam,23000000,26000000,https://jobs.local/itviec/backend-engineer-260,Tuyen dung Backend Engineer tai MinhLong Tech o Da Nang. Yeu cau kinh nghiem lien quan va ky nang giao tiep tot.,"backend,api,python",2026-03-24T13:28:05+07:00
Data Analyst,GreenTech Software,Bac Ninh,Data,Hybrid,51-65 trieu VND,5+ nam,51000000,65000000,https://jobs.local/itviec/data-analyst-261,Tuyen dung Data Analyst tai GreenTech Software o Bac Ninh. Yeu cau kinh nghiem lien quan va ky nang giao tiep tot.,"analytics,sql,bi",2026-03-29T08:28:05+07:00
UI UX Designer,GlobalNext Software,Bac Ninh,Technology,Remote,49-68 trieu VND,5+ nam,49000000,68000000,https://jobs.local/itviec/ui-ux-designer-262,Tuyen dung UI UX Designer tai GlobalNext Software o Bac Ninh. Yeu cau kinh nghiem lien quan va ky nang giao tiep tot.,"uiux,figma,design",2026-04-13T23:28:05+07:00
QA Engineer,PrimeX Cloud,Binh Duong,Technology,Hybrid,46-51 trieu VND,5+ nam,46000000,51000000,https://jobs.local/itviec/qa-engineer-263,Tuyen dung QA Engineer tai PrimeX Cloud o Binh Duong. Yeu cau kinh nghiem lien quan va ky nang giao tiep tot.,"qa,testing,automation",2026-04-05T14:28:05+07:00
DevOps Engineer,AnPhat Software,Binh Duong,Technology,Shift,64-66 trieu VND,5+ nam,64000000,66000000,https://jobs.local/itviec/devops-engineer-264,Tuyen dung DevOps Engineer tai AnPhat Software o Binh Duong. Yeu cau kinh nghiem lien quan va ky nang giao tiep tot.,"devops,kubernetes,cloud",2026-04-06T06:28:05+07:00
Backend Engineer,BlueOcean Software,Dong Nai,Technology,Full-time,12-15 trieu VND,0-1 nam,12000000,15000000,https://jobs.local/itviec/backend-engineer-265,Tuyen dung Backend Engineer tai BlueOcean Software o Dong Nai. Yeu cau kinh nghiem lien quan va ky nang giao tiep tot.,"backend,api,python",2026-04-23T22:28:05+07:00
UI UX Designer,NovaLink Digital,Da Nang,Technology,Full-time,24-31 trieu VND,2-4 nam,24000000,31000000,https://jobs.local/itviec/ui-ux-designer-266,Tuyen dung UI UX Designer tai NovaLink Digital o Da Nang. Yeu cau kinh nghiem lien quan va ky nang giao tiep tot.,"uiux,figma,design",2026-03-31T10:28:05+07:00
Data Analyst,Sunrise Digital,Hai Phong,Data,Part-time,44-52 trieu VND,5+ nam,44000000,52000000,https://jobs.local/itviec/data-analyst-267,Tuyen dung Data Analyst tai Sunrise Digital o Hai Phong. Yeu cau kinh nghiem lien quan va ky nang giao tiep tot.,"analytics,sql,bi",2026-03-24T10:28:05+07:00
Backend Engineer,Sunrise Tech,Ho Chi Minh City,Technology,Full-time,53-57 trieu VND,3-5 nam,53000000,57000000,https://jobs.local/itviec/backend-engineer-268,Tuyen dung Backend Engineer tai Sunrise Tech o Ho Chi Minh City. Yeu cau kinh nghiem lien quan va ky nang giao tiep tot.,"backend,api,python",2026-04-12T20:28:05+07:00
Frontend Developer,MinhLong Tech,Hai Phong,Technology,Remote,51-54 trieu VND,5+ nam,51000000,54000000,https://jobs.local/itviec/frontend-developer-269,Tuyen dung Frontend Developer tai MinhLong Tech o Hai Phong. Yeu cau kinh nghiem lien quan va ky nang giao tiep tot.,"frontend,react,javascript",2026-04-24T13:28:05+07:00
UI UX Designer,PrimeX Software,Hanoi,Technology,Full-time,15-22 trieu VND,0-1 nam,15000000,22000000,https://jobs.local/itviec/ui-ux-designer-270,Tuyen dung UI UX Designer tai PrimeX Software o Hanoi. Yeu cau kinh nghiem lien quan va ky nang giao tiep tot.,"uiux,figma,design",2026-04-04T09:28:05+07:00
DevOps Engineer,GreenTech Software,Dong Nai,Technology,Part-time,60-63 trieu VND,5+ nam,60000000,63000000,https://jobs.local/itviec/devops-engineer-271,Tuyen dung DevOps Engineer tai GreenTech Software o Dong Nai. Yeu cau kinh nghiem lien quan va ky nang giao tiep tot.,"devops,kubernetes,cloud",2026-03-27T11:28:05+07:00
Backend Engineer,BlueOcean Cloud,Ho Chi Minh City,Technology,Hybrid,28-32 trieu VND,1-3 nam,28000000,32000000,https://jobs.local/itviec/backend-engineer-272,Tuyen dung Backend Engineer tai BlueOcean Cloud o Ho Chi Minh City. Yeu cau kinh nghiem lien quan va ky nang giao tiep tot.,"backend,api,python",2026-04-03T02:28:05+07:00
Backend Engineer,Skyline Digital,Binh Duong,Technology,Remote,29-35 trieu VND,2-4 nam,29000000,35000000,https://jobs.local/itviec/backend-engineer-273,Tuyen dung Backend Engineer tai Skyline Digital o Binh Duong. Yeu cau kinh nghiem lien quan va ky nang giao tiep tot.,"backend,api,python",2026-04-25T05:28:05+07:00
AI Engineer,GreenTech Digital,Ho Chi Minh City,Technology,Hybrid,58-67 trieu VND,5+ nam,58000000,67000000,https://jobs.local/itviec/ai-engineer-274,Tuyen dung AI Engineer tai GreenTech Digital o Ho Chi Minh City. Yeu cau kinh nghiem lien quan va ky nang giao tiep tot.,"python,ml,ai",2026-04-03T04:28:05+07:00
Data Analyst,Skyline Cloud,Bac Ninh,Data,Hybrid,59-65 trieu VND,5+ nam,59000000,65000000,https://jobs.local/itviec/data-analyst-275,Tuyen dung Data Analyst tai Skyline Cloud o Bac Ninh. Yeu cau kinh nghiem lien quan va ky nang giao tiep tot.,"analytics,sql,bi",2026-04-13T07:28:05+07:00
QA Engineer,Sunrise Software,Can Tho,Technology,Hybrid,51-67 trieu VND,5+ nam,51000000,67000000,https://jobs.local/itviec/qa-engineer-276,Tuyen dung QA Engineer tai Sunrise Software o Can Tho. Yeu cau kinh nghiem lien quan va ky nang giao tiep tot.,"qa,testing,automation",2026-04-15T05:28:05+07:00
Content Marketing Executive (Tech),PrimeX Software,Hai Phong,Marketing,Hybrid,12-15 trieu VND,1-3 nam,12000000,15000000,https://jobs.local/itviec/content-marketing-executive-(tech)-277,Tuyen dung Content Marketing Executive (Tech) tai PrimeX Software o Hai Phong. Yeu cau kinh nghiem lien quan va ky nang giao tiep tot.,"content,tech,marketing",2026-03-18T07:28:05+07:00
DevOps Engineer,NovaLink Software,Hanoi,Technology,Full-time,66-79 trieu VND,5+ nam,66000000,79000000,https://jobs.local/itviec/devops-engineer-278,Tuyen dung DevOps Engineer tai NovaLink Software o Hanoi. Yeu cau kinh nghiem lien quan va ky nang giao tiep tot.,"devops,kubernetes,cloud",2026-04-08T21:28:05+07:00
DevOps Engineer,AnPhat Software,Bac Ninh,Technology,Hybrid,40-49 trieu VND,3-5 nam,40000000,49000000,https://jobs.local/itviec/devops-engineer-279,Tuyen dung DevOps Engineer tai AnPhat Software o Bac Ninh. Yeu cau kinh nghiem lien quan va ky nang giao tiep tot.,"devops,kubernetes,cloud",2026-04-16T22:28:05+07:00
QA Engineer,GlobalNext Software,Ho Chi Minh City,Technology,Hybrid,69-75 trieu VND,5+ nam,69000000,75000000,https://jobs.local/itviec/qa-engineer-280,Tuyen dung QA Engineer tai GlobalNext Software o Ho Chi Minh City. Yeu cau kinh nghiem lien quan va ky nang giao tiep tot.,"qa,testing,automation",2026-03-21T18:28:05+07:00
Backend Engineer,Sunrise Cloud,Binh Duong,Technology,Remote,15-18 trieu VND,0-1 nam,15000000,18000000,https://jobs.local/itviec/backend-engineer-281,Tuyen dung Backend Engineer tai Sunrise Cloud o Binh Duong. Yeu cau kinh nghiem lien quan va ky nang giao tiep tot.,"backend,api,python",2026-03-14T05:28:05+07:00
QA Engineer,GreenTech Software,Bac Ninh,Technology,Shift,46-48 trieu VND,3-5 nam,46000000,48000000,https://jobs.local/itviec/qa-engineer-282,Tuyen dung QA Engineer tai GreenTech Software o Bac Ninh. Yeu cau kinh nghiem lien quan va ky nang giao tiep tot.,"qa,testing,automation",2026-04-15T00:28:05+07:00
AI Engineer,Skyline Software,Can Tho,Technology,Shift,36-48 trieu VND,3-5 nam,36000000,48000000,https://jobs.local/itviec/ai-engineer-283,Tuyen dung AI Engineer tai Skyline Software o Can Tho. Yeu cau kinh nghiem lien quan va ky nang giao tiep tot.,"python,ml,ai",2026-04-24T20:28:05+07:00
UI UX Designer,PrimeX Tech,Binh Duong,Technology,Shift,38-46 trieu VND,3-5 nam,38000000,46000000,https://jobs.local/itviec/ui-ux-designer-284,Tuyen dung UI UX Designer tai PrimeX Tech o Binh Duong. Yeu cau kinh nghiem lien quan va ky nang giao tiep tot.,"uiux,figma,design",2026-03-21T02:28:05+07:00
DevOps Engineer,GlobalNext Tech,Bac Ninh,Technology,Shift,66-72 trieu VND,5+ nam,66000000,72000000,https://jobs.local/itviec/devops-engineer-285,Tuyen dung DevOps Engineer tai GlobalNext Tech o Bac Ninh. Yeu cau kinh nghiem lien quan va ky nang giao tiep tot.,"devops,kubernetes,cloud",2026-03-26T22:28:05+07:00
Data Analyst,VietFuture Cloud,Ho Chi Minh City,Data,Full-time,26-31 trieu VND,1-3 nam,26000000,31000000,https://jobs.local/itviec/data-analyst-286,Tuyen dung Data Analyst tai VietFuture Cloud o Ho Chi Minh City. Yeu cau kinh nghiem lien quan va ky nang giao tiep tot.,"analytics,sql,bi",2026-03-26T05:28:05+07:00
DevOps Engineer,AnPhat Cloud,Can Tho,Technology,Remote,41-45 trieu VND,3-5 nam,41000000,45000000,https://jobs.local/itviec/devops-engineer-287,Tuyen dung DevOps Engineer tai AnPhat Cloud o Can Tho. Yeu cau kinh nghiem lien quan va ky nang giao tiep tot.,"devops,kubernetes,cloud",2026-04-18T12:28:05+07:00
QA Engineer,Sunrise Tech,Da Nang,Technology,Part-time,46-48 trieu VND,3-5 nam,46000000,48000000,https://jobs.local/itviec/qa-engineer-288,Tuyen dung QA Engineer tai Sunrise Tech o Da Nang. Yeu cau kinh nghiem lien quan va ky nang giao tiep tot.,"qa,testing,automation",2026-04-17T07:28:05+07:00
AI Engineer,VietFuture Software,Bac Ninh,Technology,Hybrid,41-50 trieu VND,3-5 nam,41000000,50000000,https://jobs.local/itviec/ai-engineer-289,Tuyen dung AI Engineer tai VietFuture Software o Bac Ninh. Yeu cau kinh nghiem lien quan va ky nang giao tiep tot.,"python,ml,ai",2026-03-30T07:28:05+07:00
Data Analyst,NovaLink Tech,Hanoi,Data,Shift,29-33 trieu VND,2-4 nam,29000000,33000000,https://jobs.local/itviec/data-analyst-290,Tuyen dung Data Analyst tai NovaLink Tech o Hanoi. Yeu cau kinh nghiem lien quan va ky nang giao tiep tot.,"analytics,sql,bi",2026-04-21T03:28:05+07:00
UI UX Designer,Sunrise Software,Hanoi,Technology,Shift,71-79 trieu VND,5+ nam,71000000,79000000,https://jobs.local/itviec/ui-ux-designer-291,Tuyen dung UI UX Designer tai Sunrise Software o Hanoi. Yeu cau kinh nghiem lien quan va ky nang giao tiep tot.,"uiux,figma,design",2026-04-04T08:28:05+07:00
Frontend Developer,GreenTech Software,Da Nang,Technology,Full-time,33-40 trieu VND,2-4 nam,33000000,40000000,https://jobs.local/itviec/frontend-developer-292,Tuyen dung Frontend Developer tai GreenTech Software o Da Nang. Yeu cau kinh nghiem lien quan va ky nang giao tiep tot.,"frontend,react,javascript",2026-04-19T20:28:05+07:00
Frontend Developer,AnPhat Software,Can Tho,Technology,Hybrid,33-36 trieu VND,2-4 nam,33000000,36000000,https://jobs.local/itviec/frontend-developer-293,Tuyen dung Frontend Developer tai AnPhat Software o Can Tho. Yeu cau kinh nghiem lien quan va ky nang giao tiep tot.,"frontend,react,javascript",2026-04-21T21:28:05+07:00
AI Engineer,MinhLong Tech,Can Tho,Technology,Hybrid,14-17 trieu VND,0-1 nam,14000000,17000000,https://jobs.local/itviec/ai-engineer-294,Tuyen dung AI Engineer tai MinhLong Tech o Can Tho. Yeu cau kinh nghiem lien quan va ky nang giao tiep tot.,"python,ml,ai",2026-03-21T10:28:05+07:00
Data Analyst,NovaLink Tech,Dong Nai,Data,Remote,33-42 trieu VND,3-5 nam,33000000,42000000,https://jobs.local/itviec/data-analyst-295,Tuyen dung Data Analyst tai NovaLink Tech o Dong Nai. Yeu cau kinh nghiem lien quan va ky nang giao tiep tot.,"analytics,sql,bi",2026-04-13T08:28:05+07:00
Data Analyst,BlueOcean Tech,Ho Chi Minh City,Data,Part-time,20-22 trieu VND,1-3 nam,20000000,22000000,https://jobs.local/itviec/data-analyst-296,Tuyen dung Data Analyst tai BlueOcean Tech o Ho Chi Minh City. Yeu cau kinh nghiem lien quan va ky nang giao tiep tot.,"analytics,sql,bi",2026-04-20T00:28:05+07:00
QA Engineer,PrimeX Software,Binh Duong,Technology,Remote,12-14 trieu VND,0-1 nam,12000000,14000000,https://jobs.local/itviec/qa-engineer-297,Tuyen dung QA Engineer tai PrimeX Software o Binh Duong. Yeu cau kinh nghiem lien quan va ky nang giao tiep tot.,"qa,testing,automation",2026-04-18T04:28:05+07:00
QA Engineer,NovaLink Digital,Dong Nai,Technology,Shift,54-57 trieu VND,5+ nam,54000000,57000000,https://jobs.local/itviec/qa-engineer-298,Tuyen dung QA Engineer tai NovaLink Digital o Dong Nai. Yeu cau kinh nghiem lien quan va ky nang giao tiep tot.,"qa,testing,automation",2026-04-08T14:28:05+07:00
DevOps Engineer,MinhLong Software,Bac Ninh,Technology,Remote,45-56 trieu VND,5+ nam,45000000,56000000,https://jobs.local/itviec/devops-engineer-299,Tuyen dung DevOps Engineer tai MinhLong Software o Bac Ninh. Yeu cau kinh nghiem lien quan va ky nang giao tiep tot.,"devops,kubernetes,cloud",2026-04-21T03:28:05+07:00
Data Analyst,GlobalNext Tech,Bac Ninh,Data,Part-time,44-52 trieu VND,5+ nam,44000000,52000000,https://jobs.local/itviec/data-analyst-300,Tuyen dung Data Analyst tai GlobalNext Tech o Bac Ninh. Yeu cau kinh nghiem lien quan va ky nang giao tiep tot.,"analytics,sql,bi",2026-04-22T07:28:05+07:00
